admission_id,patient_id,admission_date,admission_type,department_id,doctor_id,diagnosis_id,expected_discharge_date,actual_discharge_date,status
1,P0001,2026-09-01T20:13:43.093975,Elective,2,4,3,2026-09-13T05:26:43.093975,,Active
2,P0002,2026-09-06T02:59:43.093975,Elective,1,2,6,2026-09-15T21:26:43.093975,,Active
3,P0003,2026-09-02T03:55:43.093975,Elective,4,7,2,2026-09-14T23:26:43.093975,,Active
4,P0004,2026-09-04T11:18:43.093975,Urgent,2,3,2,2026-09-14T21:26:43.093975,,Active
5,P0005,2026-09-03T20:37:43.093975,Urgent,4,8,5,2026-09-08T14:26:43.093975,,Active
6,P0006,2026-09-06T00:36:43.093975,Elective,2,4,10,2026-09-14T01:26:43.093975,,Active
7,P0007,2026-09-03T02:38:43.093975,Elective,5,10,4,2026-09-11T21:26:43.093975,,Active
8,P0008,2026-09-06T14:24:43.093975,Elective,4,7,4,2026-09-13T23:26:43.093975,,Active
9,P0009,2026-09-02T13:21:43.093975,Elective,3,5,2,2026-09-07T15:26:43.093975,,Active
10,P0010,2026-09-08T04:03:43.093975,Elective,3,5,7,2026-09-11T06:26:43.093975,,Active
11,P0011,2026-09-02T07:25:43.093975,Elective,3,5,1,2026-09-11T20:26:43.093975,,Active
12,P0012,2026-09-02T03:25:43.093975,Elective,3,5,1,2026-09-13T22:26:43.093975,,Active
13,P0013,2026-09-05T12:41:43.093975,Urgent,5,10,6,2026-09-11T02:26:43.093975,,Active
14,P0014,2026-09-06T20:17:43.093975,Emergency,1,1,5,2026-09-10T20:26:43.093975,,Active
15,P0015,2026-09-03T23:54:43.093975,Emergency,5,10,7,2026-09-08T16:26:43.093975,,Active
16,P0016,2026-09-06T06:00:43.093975,Urgent,2,3,7,2026-09-08T12:26:43.093975,,Active
17,P0017,2026-09-03T22:51:43.093975,Emergency,2,4,8,2026-09-15T06:26:43.093975,,Active
18,P0018,2026-09-02T16:29:43.093975,Urgent,1,2,5,2026-09-15T20:26:43.093975,,Active
19,P0019,2026-09-08T10:58:43.093975,Urgent,5,10,4,2026-09-14T07:26:43.093975,,Active
20,P0020,2026-09-07T02:11:43.093975,Urgent,5,10,4,2026-09-13T05:26:43.093975,,Active
21,P0021,2026-09-03T02:47:43.093975,Urgent,1,2,10,2026-09-14T03:26:43.093975,,Active
22,P0022,2026-09-04T00:50:43.093975,Urgent,4,7,1,2026-09-12T23:26:43.093975,,Active
23,P0023,2026-09-06T14:26:43.093975,Emergency,3,5,3,2026-09-13T20:26:43.093975,,Active
24,P0024,2026-09-07T21:35:43.093975,Urgent,3,5,4,2026-09-08T12:26:43.093975,,Active
25,P0025,2026-09-08T10:30:43.093975,Elective,5,9,9,2026-09-11T21:26:43.093975,,Active
26,P0026,2026-09-01T22:39:43.093975,Elective,2,4,10,2026-09-15T21:26:43.093975,,Active
27,P0027,2026-09-06T09:11:43.093975,Emergency,5,10,9,2026-09-14T04:26:43.093975,,Active
28,P0028,2026-09-03T15:45:43.093975,Elective,4,7,9,2026-09-11T01:26:43.093975,,Active
29,P0029,2026-09-06T06:43:43.093975,Urgent,2,4,9,2026-09-15T02:26:43.093975,,Active
30,P0030,2026-09-08T11:10:43.093975,Urgent,1,1,1,2026-09-13T04:26:43.093975,,Active
31,P0031,2026-09-07T09:15:43.093975,Urgent,3,6,2,2026-09-14T20:26:43.093975,,Active
32,P0032,2026-09-06T04:26:43.093975,Elective,1,1,9,2026-09-12T22:26:43.093975,,Active
33,P0033,2026-09-03T12:46:43.093975,Urgent,4,7,1,2026-09-13T00:26:43.093975,,Active
34,P0034,2026-09-04T09:39:43.093975,Urgent,2,4,3,2026-09-14T20:26:43.093975,,Active
35,P0035,2026-09-05T08:28:43.093975,Elective,3,6,5,2026-09-07T18:26:43.093975,,Active
36,P0036,2026-09-01T20:34:43.093975,Elective,3,6,10,2026-09-08T11:26:43.093975,,Active
37,P0037,2026-09-04T02:22:43.093975,Elective,2,4,3,2026-09-08T11:26:43.093975,,Active
38,P0038,2026-09-02T04:36:43.093975,Emergency,5,10,8,2026-09-14T03:26:43.093975,,Active
39,P0039,2026-09-07T01:23:43.093975,Elective,5,9,10,2026-09-11T07:26:43.093975,,Active
40,P0040,2026-08-26T16:26:43.093975,Urgent,1,2,8,2026-09-01T16:26:43.093975,2026-09-01T20:26:43.093975,Discharged
41,P0041,2026-09-02T13:09:43.093975,Urgent,1,2,10,2026-09-07T13:26:43.093975,,Active
42,P0042,2026-09-08T11:39:43.093975,Elective,5,10,8,2026-09-14T02:26:43.093975,,Active
43,P0043,2026-09-04T22:35:43.093975,Urgent,4,8,6,2026-09-14T20:26:43.093975,,Active
44,P0044,2026-09-06T23:29:43.093975,Urgent,4,8,10,2026-09-11T02:26:43.093975,,Active
45,P0045,2026-09-08T09:30:43.093975,Emergency,5,10,9,2026-09-07T18:26:43.093975,,Active
46,P0046,2026-09-07T09:31:43.093975,Elective,3,5,7,2026-09-13T22:26:43.093975,,Active
47,P0047,2026-09-07T18:14:43.093975,Emergency,1,1,3,2026-09-08T13:26:43.093975,,Active
48,P0048,2026-09-06T06:18:43.093975,Emergency,1,1,9,2026-09-14T23:26:43.093975,,Active
49,P0049,2026-09-03T04:50:43.093975,Urgent,2,3,2,2026-09-11T06:26:43.093975,,Active
50,P0050,2026-09-06T00:13:43.093975,Urgent,3,6,2,2026-09-13T00:26:43.093975,,Active
51,P0051,2026-09-07T12:45:43.093975,Emergency,5,10,5,2026-09-11T02:26:43.093975,,Active
52,P0052,2026-09-03T17:53:43.093975,Urgent,2,4,6,2026-09-13T21:26:43.093975,,Active
53,P0053,2026-09-08T00:31:43.093975,Urgent,5,10,8,2026-09-10T20:26:43.093975,,Active
54,P0054,2026-09-04T04:23:43.093975,Elective,5,9,2,2026-09-16T03:26:43.093975,,Active
55,P0055,2026-09-04T05:50:43.093975,Emergency,1,2,9,2026-09-07T11:26:43.093975,,Active
56,P0056,2026-09-02T16:18:43.093975,Emergency,5,10,6,2026-09-08T18:26:43.093975,,Active
57,P0057,2026-09-08T17:38:43.093975,Elective,3,5,4,2026-09-14T22:26:43.093975,,Active
58,P0058,2026-09-07T12:15:43.093975,Emergency,5,9,6,2026-09-13T22:26:43.093975,,Active
59,P0059,2026-09-06T21:09:43.093975,Elective,1,1,7,2026-09-16T03:26:43.093975,,Active
60,P0060,2026-09-06T00:36:43.093975,Elective,1,2,3,2026-09-11T07:26:43.093975,,Active
61,P0061,2026-09-08T08:06:43.093975,Urgent,5,10,4,2026-09-16T02:26:43.093975,,Active
62,P0062,2026-09-08T00:46:43.093975,Urgent,1,2,6,2026-09-14T05:26:43.093975,,Active
63,P0063,2026-09-06T22:53:43.093975,Urgent,1,2,3,2026-09-07T16:26:43.093975,,Active
64,P0064,2026-09-08T16:22:43.093975,Elective,5,9,10,2026-09-07T12:26:43.093975,,Active
65,P0065,2026-09-04T02:04:43.093975,Emergency,2,3,6,2026-09-15T20:26:43.093975,,Active
66,P0066,2026-09-06T05:26:43.093975,Elective,1,2,10,2026-09-14T22:26:43.093975,,Active
67,P0067,2026-09-06T15:08:43.093975,Emergency,1,1,9,2026-09-11T06:26:43.093975,,Active
68,P0068,2026-09-07T21:43:43.093975,Elective,2,3,9,2026-09-12T23:26:43.093975,,Active
69,P0069,2026-09-04T11:28:43.093975,Urgent,4,7,1,2026-09-12T05:26:43.093975,,Active
70,P0070,2026-09-04T22:08:43.093975,Urgent,4,8,7,2026-09-16T05:26:43.093975,,Active
71,P0071,2026-09-04T12:31:43.093975,Emergency,3,5,9,2026-09-14T03:26:43.093975,,Active
72,P0072,2026-09-07T15:40:43.093975,Elective,3,5,8,2026-09-11T21:26:43.093975,,Active
73,P0073,2026-09-02T02:43:43.093975,Elective,4,8,5,2026-09-10T21:26:43.093975,,Active
74,P0074,2026-09-02T06:39:43.093975,Urgent,3,5,5,2026-09-13T00:26:43.093975,,Active
75,P0075,2026-09-05T13:38:43.093975,Urgent,3,5,3,2026-09-10T20:26:43.093975,,Active
76,P0076,2026-09-02T13:05:43.093975,Urgent,5,9,2,2026-09-14T22:26:43.093975,,Active
77,P0077,2026-09-03T10:53:43.093975,Emergency,2,3,10,2026-09-12T02:26:43.093975,,Active
78,P0078,2026-09-02T16:02:43.093975,Urgent,1,2,1,2026-09-11T04:26:43.093975,,Active
79,P0079,2026-09-01T22:39:43.093975,Elective,2,4,7,2026-09-15T07:26:43.093975,,Active
80,P0080,2026-09-04T03:35:43.093975,Emergency,2,3,8,2026-09-11T20:26:43.093975,,Active
81,P0081,2026-09-03T16:14:43.093975,Urgent,4,7,4,2026-09-14T20:26:43.093975,,Active
82,P0082,2026-09-06T22:34:43.093975,Emergency,4,8,6,2026-09-14T02:26:43.093975,,Active
83,P0083,2026-09-06T00:32:43.093975,Urgent,2,4,9,2026-09-11T02:26:43.093975,,Active
84,P0084,2026-09-02T17:24:43.093975,Elective,4,7,6,2026-09-15T06:26:43.093975,,Active
85,P0085,2026-09-03T17:32:43.093975,Urgent,3,6,7,2026-09-10T22:26:43.093975,,Active
86,P0086,2026-09-08T09:32:43.093975,Elective,3,6,4,2026-09-11T07:26:43.093975,,Active
87,P0087,2026-09-07T06:10:43.093975,Urgent,4,8,9,2026-09-14T05:26:43.093975,,Active
88,P0088,2026-09-05T14:07:43.093975,Emergency,3,5,4,2026-09-13T00:26:43.093975,,Active
89,P0089,2026-09-07T05:36:43.093975,Emergency,1,1,3,2026-09-13T22:26:43.093975,,Active
90,P0090,2026-09-05T00:36:43.093975,Elective,1,1,9,2026-09-11T04:26:43.093975,,Active
91,P0091,2026-09-04T20:03:43.093975,Urgent,4,8,10,2026-09-11T00:26:43.093975,,Active
92,P0092,2026-09-04T16:51:43.093975,Emergency,1,2,1,2026-09-14T20:26:43.093975,,Active
93,P0093,2026-09-02T23:53:43.093975,Emergency,5,10,1,2026-09-08T14:26:43.093975,,Active
94,P0094,2026-09-03T21:46:43.093975,Elective,4,7,2,2026-09-08T17:26:43.093975,,Active
95,P0095,2026-09-01T23:32:43.093975,Emergency,5,9,2,2026-09-11T00:26:43.093975,,Active
96,P0096,2026-09-02T02:32:43.093975,Emergency,2,3,9,2026-09-12T21:26:43.093975,,Active
97,P0097,2026-09-03T22:58:43.093975,Emergency,3,5,1,2026-09-12T04:26:43.093975,,Active
98,P0098,2026-09-03T01:04:43.093975,Emergency,1,1,1,2026-09-15T00:26:43.093975,,Active
99,P0099,2026-09-05T03:36:43.093975,Emergency,4,8,8,2026-09-15T21:26:43.093975,,Active
100,P0100,2026-09-04T21:03:43.093975,Elective,4,7,2,2026-09-10T23:26:43.093975,,Active
101,P0101,2026-09-08T02:45:43.093975,Emergency,4,7,4,2026-09-12T05:26:43.093975,,Active
102,P0102,2026-09-01T21:29:43.093975,Elective,5,10,1,2026-09-07T12:26:43.093975,,Active
103,P0103,2026-09-03T04:50:43.093975,Urgent,2,3,1,2026-09-15T04:26:43.093975,,Active
104,P0104,2026-09-03T14:02:43.093975,Emergency,5,9,1,2026-09-15T07:26:43.093975,,Active
105,P0105,2026-09-04T01:20:43.093975,Urgent,5,10,10,2026-09-13T05:26:43.093975,,Active
106,P0106,2026-09-08T02:42:43.093975,Elective,4,8,1,2026-09-15T07:26:43.093975,,Active
107,P0107,2026-09-06T11:15:43.093975,Elective,2,3,4,2026-09-16T04:26:43.093975,,Active
108,P0108,2026-09-08T03:18:43.093975,Elective,2,3,10,2026-09-16T00:26:43.093975,,Active
109,P0109,2026-09-05T23:20:43.093975,Elective,5,9,7,2026-09-15T06:26:43.093975,,Active
110,P0110,2026-09-02T23:33:43.093975,Urgent,1,1,7,2026-09-12T05:26:43.093975,,Active
111,P0111,2026-09-06T12:14:43.093975,Urgent,3,6,6,2026-09-13T03:26:43.093975,,Active
112,P0112,2026-09-03T03:13:43.093975,Emergency,3,6,8,2026-09-10T22:26:43.093975,,Active
113,P0113,2026-09-06T07:21:43.093975,Emergency,4,7,5,2026-09-08T13:26:43.093975,,Active
114,P0114,2026-09-07T09:27:43.093975,Elective,2,4,7,2026-09-14T23:26:43.093975,,Active
115,P0115,2026-09-04T17:14:43.093975,Urgent,2,4,7,2026-09-15T22:26:43.093975,,Active
116,P0116,2026-09-08T02:36:43.093975,Elective,1,2,1,2026-09-11T03:26:43.093975,,Active
117,P0117,2026-09-03T02:05:43.093975,Urgent,4,8,6,2026-09-11T21:26:43.093975,,Active
118,P0118,2026-09-07T22:35:43.093975,Elective,4,7,9,2026-09-15T20:26:43.093975,,Active
119,P0119,2026-09-04T02:04:43.093975,Urgent,3,5,9,2026-09-12T20:26:43.093975,,Active
120,P0120,2026-09-03T11:03:43.093975,Urgent,2,3,7,2026-09-07T14:26:43.093975,,Active
121,P0121,2026-09-03T07:11:43.093975,Elective,2,4,4,2026-09-07T12:26:43.093975,,Active
122,P0122,2026-09-06T08:32:43.093975,Urgent,3,5,2,2026-09-10T22:26:43.093975,,Active
123,P0123,2026-09-02T06:25:43.093975,Emergency,2,3,7,2026-09-16T00:26:43.093975,,Active
124,P0124,2026-09-04T03:15:43.093975,Emergency,4,8,7,2026-09-12T22:26:43.093975,,Active
125,P0125,2026-09-07T18:03:43.093975,Urgent,1,2,1,2026-09-12T21:26:43.093975,,Active
126,P0126,2026-09-06T05:18:43.093975,Emergency,2,4,8,2026-09-08T15:26:43.093975,,Active
127,P0127,2026-09-02T00:14:43.093975,Elective,5,9,5,2026-09-14T21:26:43.093975,,Active
128,P0128,2026-09-03T06:19:43.093975,Emergency,4,7,10,2026-09-07T14:26:43.093975,,Active
129,P0129,2026-09-04T12:54:43.093975,Emergency,1,2,10,2026-09-15T22:26:43.093975,,Active
130,P0130,2026-09-07T04:29:43.093975,Urgent,1,1,10,2026-09-07T17:26:43.093975,,Active
131,P0131,2026-09-05T22:51:43.093975,Elective,2,3,6,2026-09-13T02:26:43.093975,,Active
132,P0132,2026-09-03T02:32:43.093975,Emergency,5,10,2,2026-09-11T06:26:43.093975,,Active
133,P0133,2026-09-06T07:23:43.093975,Elective,2,4,5,2026-09-16T04:26:43.093975,,Active
134,P0134,2026-09-07T02:30:43.093975,Elective,4,8,1,2026-09-13T06:26:43.093975,,Active
135,P0135,2026-09-06T07:35:43.093975,Urgent,1,2,4,2026-09-12T06:26:43.093975,,Active
136,P0136,2026-09-06T22:05:43.093975,Urgent,4,8,7,2026-09-12T07:26:43.093975,,Active
137,P0137,2026-09-05T15:08:43.093975,Urgent,3,6,9,2026-09-11T21:26:43.093975,,Active
138,P0138,2026-09-06T10:33:43.093975,Urgent,1,2,2,2026-09-12T03:26:43.093975,,Active
139,P0139,2026-09-02T21:57:43.093975,Elective,3,6,7,2026-09-11T23:26:43.093975,,Active
140,P0140,2026-09-07T23:20:43.093975,Emergency,4,8,7,2026-09-15T07:26:43.093975,,Active
141,P0501,2026-08-17T05:26:43.093975,Emergency,5,10,4,2026-08-19T05:26:43.093975,2026-08-19T06:26:43.093975,Discharged
142,P0171,2026-08-17T00:26:43.093975,Urgent,2,3,5,2026-08-23T00:26:43.093975,2026-08-22T05:26:43.093975,Discharged
143,P0224,2026-08-25T16:26:43.093975,Emergency,3,6,9,2026-08-29T16:26:43.093975,2026-08-30T03:26:43.093975,Discharged
144,P0369,2026-08-27T04:26:43.093975,Emergency,4,8,2,2026-09-01T04:26:43.093975,2026-09-01T12:26:43.093975,Discharged
145,P0547,2026-08-22T00:26:43.093975,Urgent,5,10,5,2026-08-27T00:26:43.093975,2026-08-27T04:26:43.093975,Discharged
146,P0217,2026-08-17T13:26:43.093975,Emergency,5,9,3,2026-08-20T13:26:43.093975,2026-08-21T00:26:43.093975,Discharged
147,P0538,2026-08-26T13:26:43.093975,Elective,5,10,8,2026-08-30T13:26:43.093975,2026-08-30T20:26:43.093975,Discharged
148,P0357,2026-08-12T10:26:43.093975,Urgent,1,1,2,2026-08-17T10:26:43.093975,2026-08-18T19:26:43.093975,Discharged
149,P0561,2026-08-18T01:26:43.093975,Urgent,1,1,6,2026-08-22T01:26:43.093975,2026-08-22T12:26:43.093975,Discharged
150,P0238,2026-08-14T00:26:43.093975,Elective,5,10,1,2026-08-19T00:26:43.093975,2026-08-19T11:26:43.093975,Discharged
151,P0930,2026-08-14T20:26:43.093975,Elective,4,8,5,2026-08-17T20:26:43.093975,2026-08-17T22:26:43.093975,Discharged
152,P0648,2026-08-15T10:26:43.093975,Urgent,1,2,4,2026-08-22T10:26:43.093975,2026-08-21T18:26:43.093975,Discharged
153,P0861,2026-08-26T09:26:43.093975,Urgent,3,6,3,2026-08-30T09:26:43.093975,2026-08-29T19:26:43.093975,Discharged
154,P0917,2026-08-20T21:26:43.093975,Emergency,1,1,5,2026-08-21T21:26:43.093975,2026-08-23T06:26:43.093975,Discharged
155,P0716,2026-08-20T17:26:43.093975,Urgent,3,5,6,2026-08-26T17:26:43.093975,2026-08-26T03:26:43.093975,Discharged
156,P0452,2026-08-16T09:26:43.093975,Emergency,2,4,6,2026-08-22T09:26:43.093975,2026-08-21T19:26:43.093975,Discharged
157,P0642,2026-08-15T00:26:43.093975,Emergency,4,7,9,2026-08-16T00:26:43.093975,2026-08-17T06:26:43.093975,Discharged
158,P0509,2026-08-20T11:26:43.093975,Emergency,3,6,7,2026-08-25T11:26:43.093975,2026-08-25T13:26:43.093975,Discharged
159,P0624,2026-08-30T16:26:43.093975,Urgent,5,9,2,2026-09-03T16:26:43.093975,2026-09-03T03:26:43.093975,Discharged
160,P0805,2026-08-17T18:26:43.093975,Urgent,3,6,5,2026-08-21T18:26:43.093975,2026-08-22T21:26:43.093975,Discharged
161,P0855,2026-08-13T04:26:43.093975,Elective,1,2,9,2026-08-18T04:26:43.093975,2026-08-17T12:26:43.093975,Discharged
162,P0722,2026-08-12T22:26:43.093975,Elective,2,3,2,2026-08-16T22:26:43.093975,2026-08-18T00:26:43.093975,Discharged
163,P0203,2026-08-28T14:26:43.093975,Urgent,5,9,7,2026-09-03T14:26:43.093975,2026-09-04T00:26:43.093975,Discharged
164,P0581,2026-08-18T14:26:43.093975,Emergency,2,3,1,2026-08-21T14:26:43.093975,2026-08-22T18:26:43.093975,Discharged
165,P0669,2026-08-10T05:26:43.093975,Elective,4,8,7,2026-08-13T05:26:43.093975,2026-08-12T16:26:43.093975,Discharged
166,P0580,2026-08-21T14:26:43.093975,Urgent,5,9,4,2026-08-26T14:26:43.093975,2026-08-27T02:26:43.093975,Discharged
167,P0881,2026-08-12T17:26:43.093975,Emergency,1,2,3,2026-08-14T17:26:43.093975,2026-08-15T02:26:43.093975,Discharged
168,P0291,2026-08-21T06:26:43.093975,Emergency,1,1,6,2026-08-26T06:26:43.093975,2026-08-25T13:26:43.093975,Discharged
169,P0727,2026-08-18T22:26:43.093975,Urgent,1,1,2,2026-08-23T22:26:43.093975,2026-08-24T10:26:43.093975,Discharged
170,P0956,2026-08-21T01:26:43.093975,Emergency,3,5,4,2026-08-24T01:26:43.093975,2026-08-25T07:26:43.093975,Discharged
171,P0455,2026-08-12T06:26:43.093975,Emergency,3,6,10,2026-08-18T06:26:43.093975,2026-08-17T17:26:43.093975,Discharged
172,P0343,2026-08-12T06:26:43.093975,Urgent,4,8,4,2026-08-15T06:26:43.093975,2026-08-15T12:26:43.093975,Discharged
173,P0848,2026-08-31T15:26:43.093975,Emergency,1,1,6,2026-09-03T15:26:43.093975,2026-09-03T02:26:43.093975,Discharged
174,P0986,2026-08-10T08:26:43.093975,Emergency,4,7,10,2026-08-13T08:26:43.093975,2026-08-14T15:26:43.093975,Discharged
175,P0894,2026-09-01T07:26:43.093975,Urgent,1,2,5,2026-09-04T07:26:43.093975,2026-09-05T08:26:43.093975,Discharged
176,P0463,2026-08-23T23:26:43.093975,Urgent,1,2,5,2026-08-26T23:26:43.093975,2026-08-27T06:26:43.093975,Discharged
177,P0353,2026-08-25T06:26:43.093975,Elective,3,6,4,2026-08-26T06:26:43.093975,2026-08-27T18:26:43.093975,Discharged
178,P0608,2026-08-24T20:26:43.093975,Emergency,4,7,5,2026-08-25T20:26:43.093975,2026-08-27T07:26:43.093975,Discharged
179,P0332,2026-08-15T12:26:43.093975,Urgent,2,3,6,2026-08-16T12:26:43.093975,2026-08-17T23:26:43.093975,Discharged
180,P0939,2026-08-27T12:26:43.093975,Emergency,3,6,10,2026-09-01T12:26:43.093975,2026-09-02T19:26:43.093975,Discharged
181,P0516,2026-08-31T08:26:43.093975,Emergency,4,7,3,2026-09-05T08:26:43.093975,2026-09-04T15:26:43.093975,Discharged
182,P0228,2026-08-21T13:26:43.093975,Urgent,5,10,10,2026-08-25T13:26:43.093975,2026-08-24T22:26:43.093975,Discharged
183,P0665,2026-08-24T06:26:43.093975,Elective,4,7,9,2026-08-26T06:26:43.093975,2026-08-27T13:26:43.093975,Discharged
184,P0938,2026-08-28T16:26:43.093975,Urgent,5,10,5,2026-08-29T16:26:43.093975,2026-08-30T23:26:43.093975,Discharged
185,P0346,2026-08-22T20:26:43.093975,Urgent,2,3,9,2026-08-25T20:26:43.093975,2026-08-25T01:26:43.093975,Discharged
186,P0813,2026-08-18T07:26:43.093975,Urgent,2,4,3,2026-08-20T07:26:43.093975,2026-08-20T10:26:43.093975,Discharged
187,P0760,2026-08-13T04:26:43.093975,Elective,5,10,1,2026-08-19T04:26:43.093975,2026-08-18T14:26:43.093975,Discharged
188,P0991,2026-08-12T05:26:43.093975,Elective,3,6,10,2026-08-16T05:26:43.093975,2026-08-15T09:26:43.093975,Discharged
189,P0505,2026-09-01T18:26:43.093975,Urgent,1,2,9,2026-09-04T18:26:43.093975,2026-09-04T20:26:43.093975,Discharged
190,P0458,2026-08-11T12:26:43.093975,Emergency,1,2,9,2026-08-17T12:26:43.093975,2026-08-17T18:26:43.093975,Discharged
191,P0370,2026-08-12T17:26:43.093975,Urgent,5,10,3,2026-08-19T17:26:43.093975,2026-08-18T18:26:43.093975,Discharged
192,P0434,2026-08-22T01:26:43.093975,Elective,3,5,1,2026-08-24T01:26:43.093975,2026-08-24T03:26:43.093975,Discharged
193,P0525,2026-08-26T13:26:43.093975,Elective,1,1,3,2026-08-31T13:26:43.093975,2026-09-01T20:26:43.093975,Discharged
194,P0998,2026-08-21T13:26:43.093975,Emergency,3,5,2,2026-08-26T13:26:43.093975,2026-08-27T21:26:43.093975,Discharged
195,P0195,2026-08-11T20:26:43.093975,Emergency,3,5,7,2026-08-16T20:26:43.093975,2026-08-17T23:26:43.093975,Discharged
196,P0846,2026-08-31T21:26:43.093975,Urgent,5,10,3,2026-09-04T21:26:43.093975,2026-09-03T22:26:43.093975,Discharged
197,P0497,2026-09-01T04:26:43.093975,Emergency,3,5,6,2026-09-06T04:26:43.093975,2026-09-05T16:26:43.093975,Discharged
198,P0657,2026-08-09T20:26:43.093975,Emergency,5,9,10,2026-08-13T20:26:43.093975,2026-08-13T04:26:43.093975,Discharged
199,P0923,2026-08-30T02:26:43.093975,Emergency,3,5,10,2026-09-03T02:26:43.093975,2026-09-04T07:26:43.093975,Discharged
200,P0722,2026-08-20T07:26:43.093975,Urgent,3,5,6,2026-08-24T07:26:43.093975,2026-08-23T13:26:43.093975,Discharged
201,P0664,2026-09-01T09:26:43.093975,Urgent,5,9,10,2026-09-03T09:26:43.093975,2026-09-03T14:26:43.093975,Discharged
202,P0718,2026-08-27T05:26:43.093975,Elective,2,3,5,2026-08-30T05:26:43.093975,2026-08-30T09:26:43.093975,Discharged
203,P0719,2026-08-19T21:26:43.093975,Elective,1,1,4,2026-08-23T21:26:43.093975,2026-08-25T09:26:43.093975,Discharged
204,P0362,2026-08-14T07:26:43.093975,Emergency,2,4,9,2026-08-18T07:26:43.093975,2026-08-18T16:26:43.093975,Discharged
205,P0570,2026-08-28T03:26:43.093975,Elective,4,8,3,2026-09-02T03:26:43.093975,2026-09-02T04:26:43.093975,Discharged
206,P0627,2026-09-01T03:26:43.093975,Elective,4,8,8,2026-09-08T03:26:43.093975,2026-09-07T11:26:43.093975,Discharged
207,P0313,2026-08-30T18:26:43.093975,Urgent,5,10,4,2026-08-31T18:26:43.093975,2026-09-01T19:26:43.093975,Discharged
208,P0541,2026-08-27T18:26:43.093975,Elective,2,4,9,2026-08-28T18:26:43.093975,2026-08-29T21:26:43.093975,Discharged
209,P0531,2026-08-15T17:26:43.093975,Urgent,3,6,2,2026-08-20T17:26:43.093975,2026-08-20T01:26:43.093975,Discharged
210,P0558,2026-08-20T00:26:43.093975,Elective,3,5,6,2026-08-26T00:26:43.093975,2026-08-25T01:26:43.093975,Discharged
211,P0984,2026-08-24T02:26:43.093975,Emergency,1,1,7,2026-08-29T02:26:43.093975,2026-08-28T03:26:43.093975,Discharged
212,P0813,2026-08-19T11:26:43.093975,Urgent,5,9,3,2026-08-23T11:26:43.093975,2026-08-22T20:26:43.093975,Discharged
213,P0709,2026-08-15T10:26:43.093975,Emergency,5,9,1,2026-08-18T10:26:43.093975,2026-08-18T11:26:43.093975,Discharged
214,P0894,2026-08-15T00:26:43.093975,Emergency,2,3,1,2026-08-20T00:26:43.093975,2026-08-21T09:26:43.093975,Discharged
215,P0659,2026-08-18T02:26:43.093975,Elective,2,4,3,2026-08-22T02:26:43.093975,2026-08-21T06:26:43.093975,Discharged
216,P0848,2026-08-19T17:26:43.093975,Emergency,5,10,2,2026-08-24T17:26:43.093975,2026-08-23T21:26:43.093975,Discharged
217,P0794,2026-08-18T02:26:43.093975,Urgent,2,3,7,2026-08-21T02:26:43.093975,2026-08-20T10:26:43.093975,Discharged
218,P0313,2026-09-01T14:26:43.093975,Emergency,2,4,5,2026-09-05T14:26:43.093975,2026-09-04T19:26:43.093975,Discharged
219,P0813,2026-08-13T16:26:43.093975,Urgent,3,6,9,2026-08-19T16:26:43.093975,2026-08-20T01:26:43.093975,Discharged
220,P0295,2026-08-16T13:26:43.093975,Emergency,5,10,4,2026-08-21T13:26:43.093975,2026-08-22T18:26:43.093975,Discharged
221,P0941,2026-08-31T15:26:43.093975,Urgent,4,7,6,2026-09-05T15:26:43.093975,2026-09-06T18:26:43.093975,Discharged
222,P0663,2026-08-31T02:26:43.093975,Elective,5,10,8,2026-09-02T02:26:43.093975,2026-09-03T13:26:43.093975,Discharged
223,P0819,2026-08-18T08:26:43.093975,Urgent,2,4,5,2026-08-19T08:26:43.093975,2026-08-20T20:26:43.093975,Discharged
224,P0713,2026-08-10T12:26:43.093975,Emergency,4,8,5,2026-08-13T12:26:43.093975,2026-08-13T23:26:43.093975,Discharged
225,P0746,2026-08-27T17:26:43.093975,Emergency,3,6,8,2026-09-03T17:26:43.093975,2026-09-02T21:26:43.093975,Discharged
226,P0387,2026-08-17T10:26:43.093975,Urgent,4,7,8,2026-08-20T10:26:43.093975,2026-08-19T14:26:43.093975,Discharged
227,P0390,2026-08-09T20:26:43.093975,Elective,4,8,5,2026-08-14T20:26:43.093975,2026-08-14T02:26:43.093975,Discharged
228,P0384,2026-08-20T12:26:43.093975,Urgent,4,7,1,2026-08-27T12:26:43.093975,2026-08-26T20:26:43.093975,Discharged
229,P0529,2026-08-10T06:26:43.093975,Elective,1,1,3,2026-08-12T06:26:43.093975,2026-08-12T17:26:43.093975,Discharged
230,P0995,2026-08-18T04:26:43.093975,Emergency,4,7,2,2026-08-22T04:26:43.093975,2026-08-21T05:26:43.093975,Discharged
231,P0236,2026-08-30T22:26:43.093975,Elective,5,10,8,2026-09-01T22:26:43.093975,2026-09-02T23:26:43.093975,Discharged
232,P0538,2026-08-18T20:26:43.093975,Emergency,4,7,5,2026-08-20T20:26:43.093975,2026-08-22T00:26:43.093975,Discharged
233,P0885,2026-08-11T15:26:43.093975,Emergency,5,10,1,2026-08-15T15:26:43.093975,2026-08-15T00:26:43.093975,Discharged
234,P0391,2026-08-27T06:26:43.093975,Urgent,1,2,8,2026-09-01T06:26:43.093975,2026-08-31T16:26:43.093975,Discharged
235,P0211,2026-08-12T05:26:43.093975,Urgent,1,2,6,2026-08-15T05:26:43.093975,2026-08-16T10:26:43.093975,Discharged
236,P0747,2026-08-23T20:26:43.093975,Urgent,3,6,5,2026-08-28T20:26:43.093975,2026-08-27T23:26:43.093975,Discharged
237,P0936,2026-08-10T13:26:43.093975,Elective,5,9,3,2026-08-12T13:26:43.093975,2026-08-12T21:26:43.093975,Discharged
238,P0979,2026-08-17T03:26:43.093975,Elective,3,6,8,2026-08-21T03:26:43.093975,2026-08-22T05:26:43.093975,Discharged
239,P0649,2026-08-13T12:26:43.093975,Elective,1,1,4,2026-08-18T12:26:43.093975,2026-08-18T19:26:43.093975,Discharged
240,P0944,2026-08-28T14:26:43.093975,Emergency,5,9,6,2026-09-01T14:26:43.093975,2026-09-01T19:26:43.093975,Discharged
241,P0387,2026-08-20T17:26:43.093975,Emergency,4,7,3,2026-08-26T17:26:43.093975,2026-08-26T02:26:43.093975,Discharged
242,P0673,2026-08-18T13:26:43.093975,Elective,1,2,3,2026-08-24T13:26:43.093975,2026-08-23T21:26:43.093975,Discharged
243,P0934,2026-08-10T03:26:43.093975,Emergency,1,2,1,2026-08-13T03:26:43.093975,2026-08-12T09:26:43.093975,Discharged
244,P0980,2026-08-20T04:26:43.093975,Elective,3,6,7,2026-08-26T04:26:43.093975,2026-08-25T14:26:43.093975,Discharged
245,P0668,2026-08-27T06:26:43.093975,Emergency,1,2,8,2026-09-01T06:26:43.093975,2026-09-01T13:26:43.093975,Discharged
246,P0787,2026-08-30T09:26:43.093975,Urgent,2,3,9,2026-09-01T09:26:43.093975,2026-09-02T10:26:43.093975,Discharged
247,P0612,2026-08-16T22:26:43.093975,Elective,1,1,8,2026-08-19T22:26:43.093975,2026-08-20T06:26:43.093975,Discharged
248,P0384,2026-08-30T05:26:43.093975,Elective,3,5,3,2026-09-06T05:26:43.093975,2026-09-05T07:26:43.093975,Discharged
249,P0360,2026-08-25T20:26:43.093975,Urgent,4,8,2,2026-08-30T20:26:43.093975,2026-09-01T04:26:43.093975,Discharged
250,P0597,2026-08-10T20:26:43.093975,Urgent,4,8,6,2026-08-17T20:26:43.093975,2026-08-17T00:26:43.093975,Discharged
251,P0957,2026-08-11T11:26:43.093975,Elective,5,9,9,2026-08-16T11:26:43.093975,2026-08-16T14:26:43.093975,Discharged
252,P0766,2026-08-30T11:26:43.093975,Urgent,1,2,9,2026-09-03T11:26:43.093975,2026-09-03T13:26:43.093975,Discharged
253,P0439,2026-08-22T04:26:43.093975,Emergency,4,7,3,2026-08-25T04:26:43.093975,2026-08-25T10:26:43.093975,Discharged
254,P0785,2026-08-12T01:26:43.093975,Emergency,3,5,10,2026-08-15T01:26:43.093975,2026-08-15T09:26:43.093975,Discharged
255,P0559,2026-08-14T08:26:43.093975,Emergency,3,5,5,2026-08-17T08:26:43.093975,2026-08-17T16:26:43.093975,Discharged
256,P0949,2026-08-29T01:26:43.093975,Urgent,1,2,7,2026-09-04T01:26:43.093975,2026-09-04T12:26:43.093975,Discharged
257,P0416,2026-08-29T00:26:43.093975,Elective,2,4,6,2026-09-03T00:26:43.093975,2026-09-03T01:26:43.093975,Discharged
258,P0821,2026-08-27T03:26:43.093975,Elective,3,6,3,2026-08-31T03:26:43.093975,2026-08-31T09:26:43.093975,Discharged
259,P0724,2026-08-17T21:26:43.093975,Elective,4,8,9,2026-08-21T21:26:43.093975,2026-08-22T05:26:43.093975,Discharged
260,P0331,2026-08-11T13:26:43.093975,Urgent,4,8,6,2026-08-13T13:26:43.093975,2026-08-13T14:26:43.093975,Discharged
261,P0495,2026-08-11T12:26:43.093975,Elective,1,1,7,2026-08-14T12:26:43.093975,2026-08-13T19:26:43.093975,Discharged
262,P0760,2026-08-11T20:26:43.093975,Urgent,2,4,4,2026-08-14T20:26:43.093975,2026-08-16T03:26:43.093975,Discharged
263,P0648,2026-08-28T23:26:43.093975,Emergency,1,2,5,2026-09-01T23:26:43.093975,2026-09-01T10:26:43.093975,Discharged
264,P0956,2026-08-18T20:26:43.093975,Elective,3,6,4,2026-08-21T20:26:43.093975,2026-08-20T22:26:43.093975,Discharged
265,P0882,2026-08-10T16:26:43.093975,Urgent,3,6,10,2026-08-14T16:26:43.093975,2026-08-13T22:26:43.093975,Discharged
266,P0626,2026-08-30T18:26:43.093975,Elective,1,2,4,2026-09-02T18:26:43.093975,2026-09-03T00:26:43.093975,Discharged
267,P0540,2026-08-31T22:26:43.093975,Elective,5,9,4,2026-09-07T22:26:43.093975,2026-09-07T04:26:43.093975,Discharged
268,P0996,2026-08-20T09:26:43.093975,Urgent,5,9,3,2026-08-25T09:26:43.093975,2026-08-24T21:26:43.093975,Discharged
269,P0451,2026-08-13T12:26:43.093975,Elective,3,5,6,2026-08-20T12:26:43.093975,2026-08-19T23:26:43.093975,Discharged
270,P0335,2026-08-14T22:26:43.093975,Emergency,3,6,5,2026-08-15T22:26:43.093975,2026-08-17T07:26:43.093975,Discharged
271,P0891,2026-08-20T21:26:43.093975,Emergency,5,10,6,2026-08-23T21:26:43.093975,2026-08-23T23:26:43.093975,Discharged
272,P0325,2026-08-14T03:26:43.093975,Elective,2,3,1,2026-08-19T03:26:43.093975,2026-08-18T05:26:43.093975,Discharged
273,P0318,2026-08-24T17:26:43.093975,Emergency,2,3,8,2026-08-27T17:26:43.093975,2026-08-29T03:26:43.093975,Discharged
274,P0932,2026-09-01T12:26:43.093975,Elective,1,1,7,2026-09-05T12:26:43.093975,2026-09-04T20:26:43.093975,Discharged
275,P0546,2026-08-27T09:26:43.093975,Urgent,1,1,9,2026-08-30T09:26:43.093975,2026-08-31T19:26:43.093975,Discharged
276,P0560,2026-08-16T12:26:43.093975,Emergency,3,5,9,2026-08-20T12:26:43.093975,2026-08-21T18:26:43.093975,Discharged
277,P0992,2026-08-16T06:26:43.093975,Elective,3,5,5,2026-08-21T06:26:43.093975,2026-08-22T14:26:43.093975,Discharged
278,P0278,2026-08-11T18:26:43.093975,Emergency,1,2,9,2026-08-15T18:26:43.093975,2026-08-17T06:26:43.093975,Discharged
279,P0930,2026-08-12T00:26:43.093975,Urgent,4,8,3,2026-08-19T00:26:43.093975,2026-08-18T01:26:43.093975,Discharged
280,P0176,2026-08-12T20:26:43.093975,Urgent,5,10,6,2026-08-15T20:26:43.093975,2026-08-17T07:26:43.093975,Discharged
281,P0372,2026-08-28T00:26:43.093975,Emergency,2,4,10,2026-09-02T00:26:43.093975,2026-09-03T09:26:43.093975,Discharged
282,P0962,2026-08-17T21:26:43.093975,Elective,5,10,2,2026-08-19T21:26:43.093975,2026-08-20T23:26:43.093975,Discharged
283,P0303,2026-08-29T16:26:43.093975,Urgent,4,8,1,2026-09-03T16:26:43.093975,2026-09-02T22:26:43.093975,Discharged
284,P0449,2026-08-27T18:26:43.093975,Urgent,5,9,1,2026-08-31T18:26:43.093975,2026-09-02T04:26:43.093975,Discharged
285,P0226,2026-08-28T08:26:43.093975,Elective,4,7,6,2026-08-30T08:26:43.093975,2026-08-30T10:26:43.093975,Discharged
286,P0562,2026-08-14T20:26:43.093975,Elective,1,2,5,2026-08-17T20:26:43.093975,2026-08-18T04:26:43.093975,Discharged
287,P0519,2026-08-26T18:26:43.093975,Elective,3,5,5,2026-09-02T18:26:43.093975,2026-09-02T06:26:43.093975,Discharged
288,P0525,2026-08-12T07:26:43.093975,Emergency,4,7,1,2026-08-16T07:26:43.093975,2026-08-16T17:26:43.093975,Discharged
289,P0544,2026-08-19T02:26:43.093975,Elective,4,8,9,2026-08-25T02:26:43.093975,2026-08-25T05:26:43.093975,Discharged
290,P0727,2026-08-13T11:26:43.093975,Urgent,5,9,1,2026-08-20T11:26:43.093975,2026-08-19T16:26:43.093975,Discharged
291,P0633,2026-08-12T12:26:43.093975,Elective,5,9,9,2026-08-19T12:26:43.093975,2026-08-18T22:26:43.093975,Discharged
292,P0883,2026-08-19T01:26:43.093975,Emergency,2,4,7,2026-08-22T01:26:43.093975,2026-08-23T12:26:43.093975,Discharged
293,P0941,2026-08-17T15:26:43.093975,Elective,3,6,1,2026-08-18T15:26:43.093975,2026-08-19T19:26:43.093975,Discharged
294,P0318,2026-08-11T08:26:43.093975,Emergency,3,6,6,2026-08-17T08:26:43.093975,2026-08-16T16:26:43.093975,Discharged
295,P0768,2026-08-16T18:26:43.093975,Urgent,5,9,8,2026-08-21T18:26:43.093975,2026-08-21T01:26:43.093975,Discharged
296,P0792,2026-08-16T03:26:43.093975,Urgent,1,1,6,2026-08-20T03:26:43.093975,2026-08-21T13:26:43.093975,Discharged
297,P0850,2026-08-17T00:26:43.093975,Urgent,3,5,4,2026-08-21T00:26:43.093975,2026-08-22T10:26:43.093975,Discharged
298,P0210,2026-08-25T10:26:43.093975,Urgent,3,6,9,2026-08-31T10:26:43.093975,2026-08-31T11:26:43.093975,Discharged
299,P0598,2026-08-21T21:26:43.093975,Elective,4,7,2,2026-08-24T21:26:43.093975,2026-08-26T08:26:43.093975,Discharged
300,P0388,2026-08-27T11:26:43.093975,Emergency,4,8,7,2026-09-02T11:26:43.093975,2026-09-02T13:26:43.093975,Discharged
301,P0374,2026-08-11T16:26:43.093975,Emergency,2,3,7,2026-08-16T16:26:43.093975,2026-08-17T17:26:43.093975,Discharged
302,P0145,2026-09-01T17:26:43.093975,Urgent,4,7,2,2026-09-08T17:26:43.093975,2026-09-08T03:26:43.093975,Discharged
303,P0244,2026-08-15T17:26:43.093975,Urgent,5,10,5,2026-08-17T17:26:43.093975,2026-08-17T20:26:43.093975,Discharged
304,P0279,2026-08-16T02:26:43.093975,Elective,4,8,1,2026-08-19T02:26:43.093975,2026-08-19T13:26:43.093975,Discharged
305,P0525,2026-09-01T05:26:43.093975,Elective,3,5,10,2026-09-05T05:26:43.093975,2026-09-06T13:26:43.093975,Discharged
306,P0669,2026-08-19T02:26:43.093975,Emergency,1,2,3,2026-08-22T02:26:43.093975,2026-08-21T13:26:43.093975,Discharged
307,P0959,2026-08-29T00:26:43.093975,Emergency,1,1,6,2026-09-03T00:26:43.093975,2026-09-04T09:26:43.093975,Discharged
308,P0510,2026-08-12T16:26:43.093975,Urgent,1,2,10,2026-08-18T16:26:43.093975,2026-08-19T01:26:43.093975,Discharged
309,P0588,2026-08-31T00:26:43.093975,Urgent,5,9,7,2026-09-03T00:26:43.093975,2026-09-04T09:26:43.093975,Discharged
310,P0617,2026-08-30T23:26:43.093975,Emergency,2,4,10,2026-09-01T23:26:43.093975,2026-09-03T02:26:43.093975,Discharged
311,P0985,2026-08-10T17:26:43.093975,Emergency,4,8,4,2026-08-12T17:26:43.093975,2026-08-13T22:26:43.093975,Discharged
312,P0444,2026-08-28T22:26:43.093975,Urgent,5,10,9,2026-09-02T22:26:43.093975,2026-09-02T05:26:43.093975,Discharged
313,P0179,2026-08-11T07:26:43.093975,Urgent,2,4,2,2026-08-12T07:26:43.093975,2026-08-13T19:26:43.093975,Discharged
314,P0973,2026-08-18T06:26:43.093975,Emergency,5,10,10,2026-08-22T06:26:43.093975,2026-08-22T18:26:43.093975,Discharged
315,P0986,2026-08-14T08:26:43.093975,Elective,1,2,2,2026-08-19T08:26:43.093975,2026-08-18T16:26:43.093975,Discharged
316,P0853,2026-08-20T18:26:43.093975,Emergency,4,7,10,2026-08-21T18:26:43.093975,2026-08-22T23:26:43.093975,Discharged
317,P0790,2026-08-26T05:26:43.093975,Emergency,5,10,1,2026-08-28T05:26:43.093975,2026-08-29T08:26:43.093975,Discharged
318,P0388,2026-08-18T18:26:43.093975,Elective,3,6,3,2026-08-22T18:26:43.093975,2026-08-24T01:26:43.093975,Discharged
319,P0393,2026-08-17T22:26:43.093975,Emergency,3,5,6,2026-08-21T22:26:43.093975,2026-08-20T23:26:43.093975,Discharged
320,P0364,2026-08-27T03:26:43.093975,Urgent,4,7,5,2026-08-31T03:26:43.093975,2026-08-30T09:26:43.093975,Discharged
321,P0880,2026-08-23T01:26:43.093975,Elective,1,1,1,2026-08-25T01:26:43.093975,2026-08-26T07:26:43.093975,Discharged
322,P0584,2026-08-14T18:26:43.093975,Emergency,2,3,3,2026-08-17T18:26:43.093975,2026-08-16T22:26:43.093975,Discharged
323,P0234,2026-08-15T22:26:43.093975,Emergency,1,2,1,2026-08-20T22:26:43.093975,2026-08-20T01:26:43.093975,Discharged
324,P0791,2026-08-27T15:26:43.093975,Urgent,4,7,10,2026-08-30T15:26:43.093975,2026-08-31T03:26:43.093975,Discharged
325,P0493,2026-08-15T15:26:43.093975,Elective,2,4,2,2026-08-20T15:26:43.093975,2026-08-21T21:26:43.093975,Discharged
326,P0582,2026-08-10T20:26:43.093975,Urgent,4,7,9,2026-08-17T20:26:43.093975,2026-08-17T04:26:43.093975,Discharged
327,P0406,2026-08-12T18:26:43.093975,Emergency,1,1,10,2026-08-16T18:26:43.093975,2026-08-16T05:26:43.093975,Discharged
328,P0643,2026-08-24T03:26:43.093975,Emergency,2,4,10,2026-08-29T03:26:43.093975,2026-08-28T13:26:43.093975,Discharged
329,P0730,2026-08-30T16:26:43.093975,Emergency,3,5,7,2026-09-04T16:26:43.093975,2026-09-04T21:26:43.093975,Discharged
330,P0654,2026-09-01T17:26:43.093975,Emergency,1,1,10,2026-09-02T17:26:43.093975,2026-09-04T03:26:43.093975,Discharged
331,P0590,2026-08-18T17:26:43.093975,Elective,5,9,8,2026-08-23T17:26:43.093975,2026-08-23T05:26:43.093975,Discharged
332,P0616,2026-08-25T04:26:43.093975,Urgent,5,9,6,2026-08-28T04:26:43.093975,2026-08-27T15:26:43.093975,Discharged
333,P0166,2026-08-31T01:26:43.093975,Urgent,1,2,9,2026-09-03T01:26:43.093975,2026-09-04T02:26:43.093975,Discharged
334,P0746,2026-09-01T02:26:43.093975,Elective,2,4,1,2026-09-03T02:26:43.093975,2026-09-04T08:26:43.093975,Discharged
335,P0765,2026-09-01T03:26:43.093975,Urgent,5,9,5,2026-09-03T03:26:43.093975,2026-09-03T06:26:43.093975,Discharged
336,P0472,2026-08-27T00:26:43.093975,Emergency,1,1,4,2026-09-01T00:26:43.093975,2026-09-02T05:26:43.093975,Discharged
337,P0508,2026-08-14T07:26:43.093975,Emergency,1,1,4,2026-08-18T07:26:43.093975,2026-08-17T15:26:43.093975,Discharged
338,P0276,2026-08-31T07:26:43.093975,Emergency,4,8,6,2026-09-04T07:26:43.093975,2026-09-03T11:26:43.093975,Discharged
339,P0333,2026-08-10T09:26:43.093975,Emergency,1,2,6,2026-08-14T09:26:43.093975,2026-08-14T21:26:43.093975,Discharged
340,P0698,2026-08-21T07:26:43.093975,Elective,5,10,7,2026-08-26T07:26:43.093975,2026-08-27T13:26:43.093975,Discharged
341,P0862,2026-08-09T22:26:43.093975,Emergency,2,3,6,2026-08-14T22:26:43.093975,2026-08-16T01:26:43.093975,Discharged
342,P0874,2026-08-28T11:26:43.093975,Urgent,5,10,5,2026-08-31T11:26:43.093975,2026-09-01T18:26:43.093975,Discharged
343,P0825,2026-08-21T13:26:43.093975,Urgent,1,2,4,2026-08-24T13:26:43.093975,2026-08-25T17:26:43.093975,Discharged
344,P0189,2026-08-18T22:26:43.093975,Elective,3,5,4,2026-08-22T22:26:43.093975,2026-08-23T08:26:43.093975,Discharged
345,P0429,2026-08-13T18:26:43.093975,Emergency,4,8,4,2026-08-18T18:26:43.093975,2026-08-19T04:26:43.093975,Discharged
346,P0857,2026-08-15T15:26:43.093975,Urgent,2,4,1,2026-08-21T15:26:43.093975,2026-08-22T03:26:43.093975,Discharged
347,P0336,2026-08-22T16:26:43.093975,Elective,4,8,6,2026-08-26T16:26:43.093975,2026-08-25T19:26:43.093975,Discharged
348,P0420,2026-08-15T13:26:43.093975,Emergency,4,7,3,2026-08-17T13:26:43.093975,2026-08-17T19:26:43.093975,Discharged
349,P0774,2026-08-22T22:26:43.093975,Urgent,5,9,9,2026-08-26T22:26:43.093975,2026-08-28T09:26:43.093975,Discharged
350,P0414,2026-08-15T18:26:43.093975,Urgent,4,8,3,2026-08-20T18:26:43.093975,2026-08-19T19:26:43.093975,Discharged
351,P0939,2026-08-18T21:26:43.093975,Elective,5,9,7,2026-08-20T21:26:43.093975,2026-08-21T01:26:43.093975,Discharged
352,P0412,2026-08-17T11:26:43.093975,Emergency,1,1,7,2026-08-21T11:26:43.093975,2026-08-20T21:26:43.093975,Discharged
353,P0190,2026-08-11T22:26:43.093975,Elective,4,7,10,2026-08-16T22:26:43.093975,2026-08-18T06:26:43.093975,Discharged
354,P0874,2026-08-28T13:26:43.093975,Urgent,1,1,4,2026-09-03T13:26:43.093975,2026-09-04T00:26:43.093975,Discharged
355,P0187,2026-08-27T22:26:43.093975,Elective,4,7,6,2026-08-30T22:26:43.093975,2026-08-30T08:26:43.093975,Discharged
356,P0967,2026-08-24T13:26:43.093975,Emergency,3,6,6,2026-08-29T13:26:43.093975,2026-08-29T14:26:43.093975,Discharged
357,P0660,2026-08-25T05:26:43.093975,Elective,4,7,6,2026-09-01T05:26:43.093975,2026-08-31T11:26:43.093975,Discharged
358,P0721,2026-08-14T12:26:43.093975,Elective,5,9,6,2026-08-16T12:26:43.093975,2026-08-17T22:26:43.093975,Discharged
359,P0412,2026-08-17T00:26:43.093975,Elective,2,4,5,2026-08-19T00:26:43.093975,2026-08-19T02:26:43.093975,Discharged
360,P0763,2026-08-28T12:26:43.093975,Urgent,5,10,10,2026-08-31T12:26:43.093975,2026-08-30T14:26:43.093975,Discharged
361,P0701,2026-08-25T17:26:43.093975,Elective,1,2,7,2026-08-26T17:26:43.093975,2026-08-27T22:26:43.093975,Discharged
362,P0784,2026-08-13T11:26:43.093975,Urgent,1,2,1,2026-08-20T11:26:43.093975,2026-08-19T21:26:43.093975,Discharged
363,P0838,2026-08-12T10:26:43.093975,Emergency,5,9,4,2026-08-14T10:26:43.093975,2026-08-15T11:26:43.093975,Discharged
364,P0625,2026-08-24T23:26:43.093975,Urgent,2,4,5,2026-08-25T23:26:43.093975,2026-08-27T09:26:43.093975,Discharged
365,P0384,2026-08-30T15:26:43.093975,Elective,2,4,4,2026-09-06T15:26:43.093975,2026-09-05T18:26:43.093975,Discharged
366,P0333,2026-08-27T12:26:43.093975,Elective,4,8,2,2026-08-30T12:26:43.093975,2026-08-30T00:26:43.093975,Discharged
367,P0754,2026-08-16T13:26:43.093975,Urgent,2,3,5,2026-08-22T13:26:43.093975,2026-08-22T21:26:43.093975,Discharged
368,P0338,2026-08-13T03:26:43.093975,Urgent,5,9,10,2026-08-16T03:26:43.093975,2026-08-16T07:26:43.093975,Discharged
369,P0277,2026-08-14T06:26:43.093975,Emergency,2,4,7,2026-08-16T06:26:43.093975,2026-08-17T17:26:43.093975,Discharged
370,P0479,2026-08-24T13:26:43.093975,Urgent,4,8,4,2026-08-28T13:26:43.093975,2026-08-28T00:26:43.093975,Discharged
371,P0284,2026-08-31T05:26:43.093975,Urgent,4,8,9,2026-09-05T05:26:43.093975,2026-09-05T13:26:43.093975,Discharged
372,P0258,2026-08-23T14:26:43.093975,Elective,3,6,9,2026-08-27T14:26:43.093975,2026-08-27T21:26:43.093975,Discharged
373,P0393,2026-08-10T11:26:43.093975,Elective,3,5,1,2026-08-13T11:26:43.093975,2026-08-12T16:26:43.093975,Discharged
374,P0802,2026-08-21T05:26:43.093975,Urgent,2,4,10,2026-08-25T05:26:43.093975,2026-08-25T12:26:43.093975,Discharged
375,P0950,2026-09-01T16:26:43.093975,Emergency,1,2,9,2026-09-05T16:26:43.093975,2026-09-07T01:26:43.093975,Discharged
376,P0413,2026-08-25T14:26:43.093975,Elective,5,10,7,2026-08-30T14:26:43.093975,2026-08-31T02:26:43.093975,Discharged
377,P0470,2026-08-14T23:26:43.093975,Elective,3,5,2,2026-08-16T23:26:43.093975,2026-08-18T09:26:43.093975,Discharged
378,P0149,2026-08-30T15:26:43.093975,Elective,3,6,6,2026-09-02T15:26:43.093975,2026-09-02T00:26:43.093975,Discharged
379,P0503,2026-08-16T12:26:43.093975,Elective,3,5,3,2026-08-19T12:26:43.093975,2026-08-18T14:26:43.093975,Discharged
380,P0514,2026-08-11T05:26:43.093975,Emergency,5,9,1,2026-08-14T05:26:43.093975,2026-08-14T14:26:43.093975,Discharged
381,P0692,2026-08-23T15:26:43.093975,Elective,3,5,10,2026-08-27T15:26:43.093975,2026-08-26T16:26:43.093975,Discharged
382,P0577,2026-09-01T16:26:43.093975,Urgent,5,10,6,2026-09-05T16:26:43.093975,2026-09-06T03:26:43.093975,Discharged
383,P0141,2026-08-20T21:26:43.093975,Elective,5,10,1,2026-08-23T21:26:43.093975,2026-08-24T05:26:43.093975,Discharged
384,P0203,2026-08-31T03:26:43.093975,Elective,4,8,9,2026-09-06T03:26:43.093975,2026-09-05T05:26:43.093975,Discharged
385,P0709,2026-08-10T00:26:43.093975,Elective,4,8,10,2026-08-16T00:26:43.093975,2026-08-15T09:26:43.093975,Discharged
386,P0798,2026-08-24T03:26:43.093975,Urgent,3,6,4,2026-08-27T03:26:43.093975,2026-08-27T07:26:43.093975,Discharged
387,P0825,2026-08-24T01:26:43.093975,Elective,4,8,6,2026-08-28T01:26:43.093975,2026-08-27T04:26:43.093975,Discharged
388,P0658,2026-08-17T09:26:43.093975,Urgent,2,4,10,2026-08-19T09:26:43.093975,2026-08-20T12:26:43.093975,Discharged
389,P0842,2026-08-15T12:26:43.093975,Urgent,3,6,2,2026-08-22T12:26:43.093975,2026-08-21T18:26:43.093975,Discharged
390,P0179,2026-08-21T05:26:43.093975,Elective,5,9,2,2026-08-25T05:26:43.093975,2026-08-24T08:26:43.093975,Discharged
391,P0393,2026-09-01T08:26:43.093975,Urgent,5,9,5,2026-09-05T08:26:43.093975,2026-09-05T12:26:43.093975,Discharged
392,P0368,2026-09-01T00:26:43.093975,Emergency,3,5,4,2026-09-06T00:26:43.093975,2026-09-06T08:26:43.093975,Discharged
393,P0432,2026-08-12T11:26:43.093975,Emergency,5,10,1,2026-08-13T11:26:43.093975,2026-08-14T15:26:43.093975,Discharged
394,P0710,2026-08-30T07:26:43.093975,Emergency,4,8,9,2026-09-06T07:26:43.093975,2026-09-05T14:26:43.093975,Discharged
395,P0198,2026-08-27T00:26:43.093975,Elective,5,9,4,2026-08-31T00:26:43.093975,2026-08-30T06:26:43.093975,Discharged
396,P0550,2026-08-17T04:26:43.093975,Emergency,5,10,6,2026-08-21T04:26:43.093975,2026-08-21T11:26:43.093975,Discharged
397,P0719,2026-08-25T03:26:43.093975,Urgent,2,4,5,2026-08-31T03:26:43.093975,2026-08-31T05:26:43.093975,Discharged
398,P0244,2026-08-31T00:26:43.093975,Urgent,4,7,9,2026-09-03T00:26:43.093975,2026-09-03T06:26:43.093975,Discharged
399,P0871,2026-08-24T01:26:43.093975,Emergency,2,4,6,2026-08-27T01:26:43.093975,2026-08-27T04:26:43.093975,Discharged
400,P0946,2026-08-27T02:26:43.093975,Emergency,1,2,8,2026-09-01T02:26:43.093975,2026-08-31T06:26:43.093975,Discharged
401,P0800,2026-08-14T17:26:43.093975,Urgent,2,4,5,2026-08-15T17:26:43.093975,2026-08-17T01:26:43.093975,Discharged
402,P0958,2026-08-13T08:26:43.093975,Elective,2,4,5,2026-08-17T08:26:43.093975,2026-08-16T11:26:43.093975,Discharged
403,P0891,2026-08-10T13:26:43.093975,Emergency,2,3,6,2026-08-13T13:26:43.093975,2026-08-14T19:26:43.093975,Discharged
404,P0892,2026-08-29T08:26:43.093975,Emergency,2,4,8,2026-09-01T08:26:43.093975,2026-09-02T10:26:43.093975,Discharged
405,P0190,2026-08-10T23:26:43.093975,Urgent,4,8,7,2026-08-15T23:26:43.093975,2026-08-17T11:26:43.093975,Discharged
406,P0238,2026-08-25T06:26:43.093975,Elective,3,6,9,2026-08-26T06:26:43.093975,2026-08-27T11:26:43.093975,Discharged
407,P0780,2026-08-28T07:26:43.093975,Emergency,1,1,8,2026-09-04T07:26:43.093975,2026-09-03T19:26:43.093975,Discharged
408,P0933,2026-08-18T20:26:43.093975,Urgent,2,3,5,2026-08-22T20:26:43.093975,2026-08-24T05:26:43.093975,Discharged
409,P0950,2026-08-17T23:26:43.093975,Emergency,1,2,10,2026-08-21T23:26:43.093975,2026-08-21T01:26:43.093975,Discharged
410,P0877,2026-08-18T04:26:43.093975,Elective,4,7,4,2026-08-25T04:26:43.093975,2026-08-24T11:26:43.093975,Discharged
411,P0739,2026-08-18T18:26:43.093975,Emergency,5,10,8,2026-08-23T18:26:43.093975,2026-08-25T05:26:43.093975,Discharged
412,P0611,2026-08-27T18:26:43.093975,Urgent,5,9,7,2026-09-03T18:26:43.093975,2026-09-03T01:26:43.093975,Discharged
413,P0206,2026-08-15T01:26:43.093975,Elective,1,2,9,2026-08-16T01:26:43.093975,2026-08-17T02:26:43.093975,Discharged
414,P0480,2026-08-31T04:26:43.093975,Elective,3,5,5,2026-09-05T04:26:43.093975,2026-09-06T06:26:43.093975,Discharged
415,P0226,2026-08-12T03:26:43.093975,Emergency,2,4,5,2026-08-16T03:26:43.093975,2026-08-17T07:26:43.093975,Discharged
416,P0712,2026-08-28T06:26:43.093975,Urgent,3,5,1,2026-09-02T06:26:43.093975,2026-09-02T11:26:43.093975,Discharged
417,P0811,2026-08-19T14:26:43.093975,Urgent,4,7,10,2026-08-25T14:26:43.093975,2026-08-25T15:26:43.093975,Discharged
418,P0836,2026-09-01T11:26:43.093975,Elective,3,6,9,2026-09-06T11:26:43.093975,2026-09-07T19:26:43.093975,Discharged
419,P0251,2026-08-15T03:26:43.093975,Urgent,4,8,2,2026-08-21T03:26:43.093975,2026-08-21T11:26:43.093975,Discharged
420,P0721,2026-08-31T00:26:43.093975,Elective,1,1,8,2026-09-02T00:26:43.093975,2026-09-02T03:26:43.093975,Discharged
421,P0438,2026-08-18T07:26:43.093975,Urgent,3,5,10,2026-08-22T07:26:43.093975,2026-08-23T14:26:43.093975,Discharged
422,P0792,2026-08-11T08:26:43.093975,Emergency,4,8,9,2026-08-15T08:26:43.093975,2026-08-15T19:26:43.093975,Discharged
423,P0727,2026-08-13T05:26:43.093975,Urgent,1,1,6,2026-08-18T05:26:43.093975,2026-08-18T07:26:43.093975,Discharged
424,P0933,2026-08-18T06:26:43.093975,Elective,5,9,8,2026-08-22T06:26:43.093975,2026-08-21T07:26:43.093975,Discharged
425,P0691,2026-08-27T14:26:43.093975,Urgent,2,4,8,2026-08-28T14:26:43.093975,2026-08-30T01:26:43.093975,Discharged
426,P0512,2026-08-31T23:26:43.093975,Elective,3,6,7,2026-09-04T23:26:43.093975,2026-09-04T06:26:43.093975,Discharged
427,P0643,2026-08-11T03:26:43.093975,Elective,2,4,4,2026-08-15T03:26:43.093975,2026-08-16T13:26:43.093975,Discharged
428,P0374,2026-08-19T02:26:43.093975,Urgent,1,1,2,2026-08-22T02:26:43.093975,2026-08-21T08:26:43.093975,Discharged
429,P0843,2026-08-29T02:26:43.093975,Emergency,2,4,6,2026-09-04T02:26:43.093975,2026-09-03T03:26:43.093975,Discharged
430,P0891,2026-08-29T23:26:43.093975,Emergency,1,1,8,2026-08-30T23:26:43.093975,2026-09-01T09:26:43.093975,Discharged
431,P0822,2026-08-15T22:26:43.093975,Emergency,5,10,10,2026-08-18T22:26:43.093975,2026-08-20T01:26:43.093975,Discharged
432,P0947,2026-08-17T10:26:43.093975,Emergency,4,8,3,2026-08-21T10:26:43.093975,2026-08-21T15:26:43.093975,Discharged
433,P0515,2026-08-29T17:26:43.093975,Elective,3,6,3,2026-09-01T17:26:43.093975,2026-09-02T20:26:43.093975,Discharged
434,P0243,2026-08-13T08:26:43.093975,Emergency,5,10,5,2026-08-17T08:26:43.093975,2026-08-16T11:26:43.093975,Discharged
435,P0786,2026-08-22T11:26:43.093975,Urgent,1,2,8,2026-08-27T11:26:43.093975,2026-08-27T14:26:43.093975,Discharged
436,P0924,2026-08-11T21:26:43.093975,Emergency,3,5,2,2026-08-14T21:26:43.093975,2026-08-15T09:26:43.093975,Discharged
437,P0198,2026-08-10T10:26:43.093975,Urgent,5,9,4,2026-08-13T10:26:43.093975,2026-08-12T12:26:43.093975,Discharged
438,P0563,2026-08-14T00:26:43.093975,Emergency,2,3,4,2026-08-16T00:26:43.093975,2026-08-17T09:26:43.093975,Discharged
439,P0698,2026-08-12T01:26:43.093975,Emergency,3,5,4,2026-08-15T01:26:43.093975,2026-08-15T05:26:43.093975,Discharged
440,P0802,2026-08-31T09:26:43.093975,Emergency,2,4,8,2026-09-04T09:26:43.093975,2026-09-03T13:26:43.093975,Discharged
441,P0305,2026-08-30T18:26:43.093975,Elective,4,8,5,2026-08-31T18:26:43.093975,2026-09-01T23:26:43.093975,Discharged
442,P0343,2026-08-14T15:26:43.093975,Elective,2,3,6,2026-08-15T15:26:43.093975,2026-08-16T16:26:43.093975,Discharged
443,P0340,2026-08-20T06:26:43.093975,Urgent,3,5,3,2026-08-22T06:26:43.093975,2026-08-22T17:26:43.093975,Discharged
444,P0152,2026-08-20T02:26:43.093975,Emergency,5,9,9,2026-08-26T02:26:43.093975,2026-08-26T12:26:43.093975,Discharged
445,P0754,2026-08-20T13:26:43.093975,Emergency,2,4,5,2026-08-25T13:26:43.093975,2026-08-25T21:26:43.093975,Discharged
446,P0815,2026-08-20T02:26:43.093975,Elective,2,3,6,2026-08-23T02:26:43.093975,2026-08-22T05:26:43.093975,Discharged
447,P0398,2026-08-30T17:26:43.093975,Emergency,4,7,2,2026-09-01T17:26:43.093975,2026-09-01T22:26:43.093975,Discharged
448,P0635,2026-08-24T07:26:43.093975,Emergency,4,7,1,2026-08-26T07:26:43.093975,2026-08-26T13:26:43.093975,Discharged
449,P0455,2026-08-27T21:26:43.093975,Emergency,2,3,1,2026-08-30T21:26:43.093975,2026-08-30T07:26:43.093975,Discharged
450,P0957,2026-08-15T09:26:43.093975,Emergency,5,9,1,2026-08-17T09:26:43.093975,2026-08-17T18:26:43.093975,Discharged
451,P0987,2026-08-28T02:26:43.093975,Urgent,1,1,2,2026-09-04T02:26:43.093975,2026-09-03T09:26:43.093975,Discharged
452,P0518,2026-08-20T13:26:43.093975,Elective,4,7,7,2026-08-21T13:26:43.093975,2026-08-22T15:26:43.093975,Discharged
453,P0190,2026-08-21T17:26:43.093975,Elective,3,6,3,2026-08-26T17:26:43.093975,2026-08-26T20:26:43.093975,Discharged
454,P0701,2026-08-23T18:26:43.093975,Urgent,3,6,6,2026-08-27T18:26:43.093975,2026-08-27T01:26:43.093975,Discharged
455,P0358,2026-08-27T22:26:43.093975,Urgent,2,3,1,2026-09-01T22:26:43.093975,2026-09-03T02:26:43.093975,Discharged
456,P0282,2026-08-14T02:26:43.093975,Elective,3,5,4,2026-08-16T02:26:43.093975,2026-08-16T11:26:43.093975,Discharged
457,P0734,2026-08-10T14:26:43.093975,Urgent,1,2,1,2026-08-13T14:26:43.093975,2026-08-13T01:26:43.093975,Discharged
458,P0352,2026-08-14T20:26:43.093975,Elective,4,7,9,2026-08-18T20:26:43.093975,2026-08-18T08:26:43.093975,Discharged
459,P0620,2026-08-25T10:26:43.093975,Elective,1,1,9,2026-09-01T10:26:43.093975,2026-08-31T21:26:43.093975,Discharged
460,P0238,2026-08-27T13:26:43.093975,Urgent,4,7,9,2026-08-30T13:26:43.093975,2026-08-30T17:26:43.093975,Discharged
461,P0453,2026-08-31T04:26:43.093975,Emergency,3,5,2,2026-09-04T04:26:43.093975,2026-09-04T11:26:43.093975,Discharged
462,P0803,2026-08-29T14:26:43.093975,Urgent,4,8,7,2026-09-05T14:26:43.093975,2026-09-04T17:26:43.093975,Discharged
463,P0682,2026-09-01T00:26:43.093975,Elective,5,9,9,2026-09-06T00:26:43.093975,2026-09-06T06:26:43.093975,Discharged
464,P0223,2026-08-18T07:26:43.093975,Urgent,3,6,8,2026-08-21T07:26:43.093975,2026-08-20T14:26:43.093975,Discharged
465,P0605,2026-08-22T01:26:43.093975,Urgent,4,7,8,2026-08-28T01:26:43.093975,2026-08-28T03:26:43.093975,Discharged
466,P0757,2026-08-12T14:26:43.093975,Elective,4,7,6,2026-08-15T14:26:43.093975,2026-08-14T17:26:43.093975,Discharged
467,P0960,2026-08-12T15:26:43.093975,Urgent,4,8,3,2026-08-17T15:26:43.093975,2026-08-18T00:26:43.093975,Discharged
468,P0210,2026-08-29T02:26:43.093975,Urgent,1,2,9,2026-09-05T02:26:43.093975,2026-09-04T06:26:43.093975,Discharged
469,P0351,2026-08-16T07:26:43.093975,Elective,4,8,2,2026-08-21T07:26:43.093975,2026-08-20T14:26:43.093975,Discharged
470,P0317,2026-08-28T04:26:43.093975,Elective,4,8,8,2026-09-03T04:26:43.093975,2026-09-02T13:26:43.093975,Discharged
471,P0712,2026-08-23T02:26:43.093975,Emergency,4,8,10,2026-08-29T02:26:43.093975,2026-08-29T08:26:43.093975,Discharged
472,P0901,2026-08-10T05:26:43.093975,Elective,2,3,8,2026-08-12T05:26:43.093975,2026-08-12T10:26:43.093975,Discharged
473,P0306,2026-08-17T13:26:43.093975,Emergency,2,3,3,2026-08-21T13:26:43.093975,2026-08-21T16:26:43.093975,Discharged
474,P0329,2026-08-18T22:26:43.093975,Elective,2,4,9,2026-08-22T22:26:43.093975,2026-08-24T01:26:43.093975,Discharged
475,P0258,2026-08-13T00:26:43.093975,Urgent,1,2,8,2026-08-19T00:26:43.093975,2026-08-18T02:26:43.093975,Discharged
476,P0837,2026-08-25T20:26:43.093975,Emergency,4,8,5,2026-08-30T20:26:43.093975,2026-09-01T04:26:43.093975,Discharged
477,P0879,2026-08-31T18:26:43.093975,Elective,4,8,2,2026-09-03T18:26:43.093975,2026-09-05T02:26:43.093975,Discharged
478,P0349,2026-08-24T02:26:43.093975,Emergency,1,1,9,2026-08-26T02:26:43.093975,2026-08-26T12:26:43.093975,Discharged
479,P0478,2026-08-27T17:26:43.093975,Elective,3,6,2,2026-09-02T17:26:43.093975,2026-09-01T18:26:43.093975,Discharged
480,P0293,2026-08-11T15:26:43.093975,Elective,5,9,9,2026-08-16T15:26:43.093975,2026-08-16T00:26:43.093975,Discharged
481,P0956,2026-08-29T04:26:43.093975,Urgent,4,8,10,2026-09-02T04:26:43.093975,2026-09-01T07:26:43.093975,Discharged
482,P0932,2026-08-27T00:26:43.093975,Elective,4,7,3,2026-09-02T00:26:43.093975,2026-09-01T11:26:43.093975,Discharged
483,P0541,2026-08-18T22:26:43.093975,Emergency,5,10,10,2026-08-22T22:26:43.093975,2026-08-22T08:26:43.093975,Discharged
484,P0804,2026-08-28T03:26:43.093975,Urgent,3,5,10,2026-08-30T03:26:43.093975,2026-08-30T12:26:43.093975,Discharged
485,P0363,2026-08-25T16:26:43.093975,Emergency,1,2,5,2026-08-26T16:26:43.093975,2026-08-28T03:26:43.093975,Discharged
486,P0622,2026-08-12T10:26:43.093975,Emergency,2,4,9,2026-08-17T10:26:43.093975,2026-08-17T21:26:43.093975,Discharged
487,P0314,2026-08-17T12:26:43.093975,Urgent,5,10,9,2026-08-22T12:26:43.093975,2026-08-23T17:26:43.093975,Discharged
488,P0162,2026-08-28T20:26:43.093975,Urgent,5,9,4,2026-09-03T20:26:43.093975,2026-09-04T04:26:43.093975,Discharged
489,P0403,2026-08-18T01:26:43.093975,Elective,5,9,4,2026-08-23T01:26:43.093975,2026-08-23T05:26:43.093975,Discharged
490,P0498,2026-08-23T00:26:43.093975,Urgent,5,9,6,2026-08-28T00:26:43.093975,2026-08-27T09:26:43.093975,Discharged
491,P0680,2026-08-20T23:26:43.093975,Elective,2,3,1,2026-08-25T23:26:43.093975,2026-08-27T05:26:43.093975,Discharged
492,P0817,2026-08-25T07:26:43.093975,Urgent,3,5,10,2026-08-30T07:26:43.093975,2026-08-30T13:26:43.093975,Discharged
493,P0933,2026-08-13T11:26:43.093975,Elective,4,7,5,2026-08-19T11:26:43.093975,2026-08-19T14:26:43.093975,Discharged
494,P0536,2026-08-18T00:26:43.093975,Elective,3,5,5,2026-08-24T00:26:43.093975,2026-08-23T07:26:43.093975,Discharged
495,P0890,2026-08-30T14:26:43.093975,Emergency,5,10,9,2026-09-01T14:26:43.093975,2026-09-03T02:26:43.093975,Discharged
496,P0171,2026-08-23T09:26:43.093975,Emergency,4,8,1,2026-08-26T09:26:43.093975,2026-08-27T19:26:43.093975,Discharged
497,P0497,2026-08-16T12:26:43.093975,Elective,2,3,3,2026-08-22T12:26:43.093975,2026-08-22T20:26:43.093975,Discharged
498,P0372,2026-08-17T13:26:43.093975,Urgent,1,2,2,2026-08-19T13:26:43.093975,2026-08-20T21:26:43.093975,Discharged
499,P0339,2026-08-25T00:26:43.093975,Elective,1,1,7,2026-08-29T00:26:43.093975,2026-08-28T10:26:43.093975,Discharged
500,P0765,2026-08-12T21:26:43.093975,Emergency,1,1,9,2026-08-14T21:26:43.093975,2026-08-15T03:26:43.093975,Discharged
501,P0584,2026-08-23T13:26:43.093975,Emergency,2,4,8,2026-08-29T13:26:43.093975,2026-08-28T15:26:43.093975,Discharged
502,P0169,2026-08-27T15:26:43.093975,Elective,5,9,3,2026-09-02T15:26:43.093975,2026-09-01T16:26:43.093975,Discharged
503,P0186,2026-08-24T05:26:43.093975,Urgent,5,10,5,2026-08-30T05:26:43.093975,2026-08-30T07:26:43.093975,Discharged
504,P0982,2026-08-20T20:26:43.093975,Urgent,5,10,5,2026-08-26T20:26:43.093975,2026-08-27T06:26:43.093975,Discharged
505,P0865,2026-08-12T11:26:43.093975,Elective,1,1,5,2026-08-18T11:26:43.093975,2026-08-17T13:26:43.093975,Discharged
506,P0524,2026-08-14T09:26:43.093975,Elective,4,7,9,2026-08-16T09:26:43.093975,2026-08-17T19:26:43.093975,Discharged
507,P0293,2026-08-12T06:26:43.093975,Elective,4,8,4,2026-08-18T06:26:43.093975,2026-08-17T07:26:43.093975,Discharged
508,P0722,2026-08-20T04:26:43.093975,Urgent,3,5,3,2026-08-26T04:26:43.093975,2026-08-25T13:26:43.093975,Discharged
509,P0162,2026-08-18T02:26:43.093975,Elective,2,4,4,2026-08-24T02:26:43.093975,2026-08-24T03:26:43.093975,Discharged
510,P0353,2026-08-17T07:26:43.093975,Emergency,1,1,10,2026-08-19T07:26:43.093975,2026-08-20T16:26:43.093975,Discharged
511,P0662,2026-08-11T22:26:43.093975,Emergency,3,6,1,2026-08-16T22:26:43.093975,2026-08-17T00:26:43.093975,Discharged
512,P0852,2026-08-27T00:26:43.093975,Emergency,3,5,2,2026-09-02T00:26:43.093975,2026-09-02T06:26:43.093975,Discharged
513,P0340,2026-08-15T22:26:43.093975,Urgent,2,3,7,2026-08-22T22:26:43.093975,2026-08-22T10:26:43.093975,Discharged
514,P0481,2026-09-01T03:26:43.093975,Urgent,1,1,3,2026-09-05T03:26:43.093975,2026-09-05T06:26:43.093975,Discharged
515,P0740,2026-08-13T22:26:43.093975,Urgent,5,9,4,2026-08-16T22:26:43.093975,2026-08-17T04:26:43.093975,Discharged
516,P0463,2026-08-24T16:26:43.093975,Elective,5,9,1,2026-08-29T16:26:43.093975,2026-08-28T20:26:43.093975,Discharged
517,P0185,2026-08-17T18:26:43.093975,Emergency,2,3,10,2026-08-20T18:26:43.093975,2026-08-22T05:26:43.093975,Discharged
518,P0642,2026-08-14T05:26:43.093975,Elective,4,8,9,2026-08-19T05:26:43.093975,2026-08-20T10:26:43.093975,Discharged
519,P0688,2026-08-25T22:26:43.093975,Urgent,5,9,4,2026-08-29T22:26:43.093975,2026-08-31T01:26:43.093975,Discharged
520,P0693,2026-08-26T08:26:43.093975,Elective,3,6,6,2026-09-01T08:26:43.093975,2026-09-01T13:26:43.093975,Discharged
521,P0757,2026-08-26T05:26:43.093975,Emergency,3,5,3,2026-09-02T05:26:43.093975,2026-09-01T16:26:43.093975,Discharged
522,P0704,2026-08-19T10:26:43.093975,Emergency,1,1,6,2026-08-25T10:26:43.093975,2026-08-25T17:26:43.093975,Discharged
523,P0465,2026-08-22T03:26:43.093975,Urgent,3,5,5,2026-08-24T03:26:43.093975,2026-08-25T08:26:43.093975,Discharged
524,P0702,2026-08-31T00:26:43.093975,Urgent,3,6,2,2026-09-02T00:26:43.093975,2026-09-02T03:26:43.093975,Discharged
525,P0595,2026-08-29T15:26:43.093975,Emergency,5,9,5,2026-09-02T15:26:43.093975,2026-09-01T19:26:43.093975,Discharged
526,P0508,2026-08-23T02:26:43.093975,Elective,5,9,8,2026-08-28T02:26:43.093975,2026-08-28T03:26:43.093975,Discharged
527,P0461,2026-09-01T05:26:43.093975,Emergency,1,1,7,2026-09-07T05:26:43.093975,2026-09-07T17:26:43.093975,Discharged
528,P0512,2026-08-13T10:26:43.093975,Elective,2,3,7,2026-08-17T10:26:43.093975,2026-08-18T19:26:43.093975,Discharged
529,P0189,2026-08-23T00:26:43.093975,Urgent,4,7,3,2026-08-26T00:26:43.093975,2026-08-26T07:26:43.093975,Discharged
530,P0839,2026-08-24T01:26:43.093975,Urgent,3,5,9,2026-08-30T01:26:43.093975,2026-08-29T11:26:43.093975,Discharged
531,P0805,2026-08-14T01:26:43.093975,Elective,2,4,6,2026-08-21T01:26:43.093975,2026-08-20T08:26:43.093975,Discharged
532,P0435,2026-08-18T11:26:43.093975,Emergency,1,1,7,2026-08-24T11:26:43.093975,2026-08-24T22:26:43.093975,Discharged
533,P0458,2026-08-12T09:26:43.093975,Urgent,2,4,3,2026-08-17T09:26:43.093975,2026-08-18T19:26:43.093975,Discharged
534,P0750,2026-08-14T23:26:43.093975,Emergency,1,2,5,2026-08-19T23:26:43.093975,2026-08-20T00:26:43.093975,Discharged
535,P0314,2026-08-19T20:26:43.093975,Emergency,5,10,1,2026-08-25T20:26:43.093975,2026-08-26T00:26:43.093975,Discharged
536,P0277,2026-08-25T11:26:43.093975,Emergency,1,1,8,2026-08-27T11:26:43.093975,2026-08-28T23:26:43.093975,Discharged
537,P0319,2026-08-09T22:26:43.093975,Urgent,5,9,2,2026-08-15T22:26:43.093975,2026-08-16T01:26:43.093975,Discharged
538,P0677,2026-08-30T21:26:43.093975,Emergency,3,5,5,2026-09-02T21:26:43.093975,2026-09-01T22:26:43.093975,Discharged
539,P0279,2026-08-18T21:26:43.093975,Elective,2,3,9,2026-08-24T21:26:43.093975,2026-08-24T05:26:43.093975,Discharged
540,P0937,2026-08-15T03:26:43.093975,Emergency,5,10,1,2026-08-16T03:26:43.093975,2026-08-17T12:26:43.093975,Discharged
541,P0297,2026-08-31T16:26:43.093975,Elective,4,8,1,2026-09-05T16:26:43.093975,2026-09-06T02:26:43.093975,Discharged
542,P0580,2026-08-24T12:26:43.093975,Urgent,5,10,8,2026-08-27T12:26:43.093975,2026-08-27T18:26:43.093975,Discharged
543,P0685,2026-08-18T06:26:43.093975,Urgent,4,7,8,2026-08-22T06:26:43.093975,2026-08-22T07:26:43.093975,Discharged
544,P0769,2026-08-19T12:26:43.093975,Elective,2,4,9,2026-08-23T12:26:43.093975,2026-08-23T19:26:43.093975,Discharged
545,P0824,2026-08-17T01:26:43.093975,Emergency,4,7,9,2026-08-18T01:26:43.093975,2026-08-19T10:26:43.093975,Discharged
546,P0531,2026-08-13T18:26:43.093975,Emergency,5,9,5,2026-08-18T18:26:43.093975,2026-08-18T22:26:43.093975,Discharged
547,P0174,2026-08-18T14:26:43.093975,Urgent,5,9,3,2026-08-21T14:26:43.093975,2026-08-21T18:26:43.093975,Discharged
548,P0204,2026-08-28T14:26:43.093975,Elective,1,2,9,2026-09-01T14:26:43.093975,2026-09-01T02:26:43.093975,Discharged
549,P0946,2026-08-12T23:26:43.093975,Urgent,2,3,2,2026-08-14T23:26:43.093975,2026-08-16T06:26:43.093975,Discharged
550,P0177,2026-08-28T03:26:43.093975,Emergency,5,10,10,2026-08-31T03:26:43.093975,2026-09-01T11:26:43.093975,Discharged
551,P0434,2026-08-29T02:26:43.093975,Urgent,2,3,3,2026-08-30T02:26:43.093975,2026-08-31T06:26:43.093975,Discharged
552,P0568,2026-08-31T21:26:43.093975,Emergency,1,2,1,2026-09-04T21:26:43.093975,2026-09-06T07:26:43.093975,Discharged
553,P0756,2026-08-21T17:26:43.093975,Urgent,3,6,6,2026-08-24T17:26:43.093975,2026-08-25T02:26:43.093975,Discharged
554,P0862,2026-08-25T16:26:43.093975,Emergency,5,9,5,2026-08-30T16:26:43.093975,2026-08-31T01:26:43.093975,Discharged
555,P0317,2026-08-25T11:26:43.093975,Emergency,1,2,4,2026-08-28T11:26:43.093975,2026-08-28T14:26:43.093975,Discharged
556,P0839,2026-08-14T23:26:43.093975,Emergency,3,6,4,2026-08-17T23:26:43.093975,2026-08-19T11:26:43.093975,Discharged
557,P0568,2026-08-28T05:26:43.093975,Emergency,4,8,4,2026-08-30T05:26:43.093975,2026-08-31T11:26:43.093975,Discharged
558,P0223,2026-08-28T15:26:43.093975,Emergency,1,2,7,2026-09-01T15:26:43.093975,2026-09-01T00:26:43.093975,Discharged
559,P0463,2026-08-28T01:26:43.093975,Elective,4,8,2,2026-09-03T01:26:43.093975,2026-09-02T12:26:43.093975,Discharged
560,P0771,2026-08-24T02:26:43.093975,Elective,5,9,3,2026-08-27T02:26:43.093975,2026-08-26T07:26:43.093975,Discharged
561,P0893,2026-08-18T21:26:43.093975,Urgent,1,2,3,2026-08-23T21:26:43.093975,2026-08-23T01:26:43.093975,Discharged
562,P0548,2026-08-30T05:26:43.093975,Elective,1,2,3,2026-09-02T05:26:43.093975,2026-09-03T10:26:43.093975,Discharged
563,P0306,2026-08-25T08:26:43.093975,Elective,4,7,10,2026-08-27T08:26:43.093975,2026-08-28T09:26:43.093975,Discharged
564,P0178,2026-08-16T21:26:43.093975,Emergency,5,9,7,2026-08-22T21:26:43.093975,2026-08-21T22:26:43.093975,Discharged
565,P0845,2026-08-24T22:26:43.093975,Urgent,1,2,4,2026-08-31T22:26:43.093975,2026-08-31T04:26:43.093975,Discharged
566,P0542,2026-08-23T17:26:43.093975,Emergency,5,9,1,2026-08-28T17:26:43.093975,2026-08-30T04:26:43.093975,Discharged
567,P0772,2026-08-11T23:26:43.093975,Urgent,3,5,8,2026-08-16T23:26:43.093975,2026-08-17T09:26:43.093975,Discharged
568,P0243,2026-08-29T13:26:43.093975,Emergency,3,6,1,2026-09-01T13:26:43.093975,2026-08-31T23:26:43.093975,Discharged
569,P0249,2026-08-25T01:26:43.093975,Elective,2,3,1,2026-08-31T01:26:43.093975,2026-08-31T12:26:43.093975,Discharged
570,P0196,2026-08-29T21:26:43.093975,Elective,3,6,4,2026-09-02T21:26:43.093975,2026-09-02T23:26:43.093975,Discharged
571,P0179,2026-08-10T04:26:43.093975,Elective,5,9,7,2026-08-15T04:26:43.093975,2026-08-16T10:26:43.093975,Discharged
572,P0750,2026-08-14T04:26:43.093975,Urgent,3,5,8,2026-08-18T04:26:43.093975,2026-08-18T08:26:43.093975,Discharged
573,P0759,2026-08-10T02:26:43.093975,Elective,1,1,7,2026-08-11T02:26:43.093975,2026-08-12T05:26:43.093975,Discharged
574,P0875,2026-08-13T03:26:43.093975,Elective,2,4,5,2026-08-17T03:26:43.093975,2026-08-18T08:26:43.093975,Discharged
575,P0419,2026-08-15T22:26:43.093975,Urgent,1,1,2,2026-08-20T22:26:43.093975,2026-08-19T23:26:43.093975,Discharged
576,P0345,2026-08-19T02:26:43.093975,Urgent,5,10,6,2026-08-25T02:26:43.093975,2026-08-25T03:26:43.093975,Discharged
577,P0900,2026-08-13T14:26:43.093975,Elective,1,1,5,2026-08-18T14:26:43.093975,2026-08-18T17:26:43.093975,Discharged
578,P0826,2026-08-27T09:26:43.093975,Urgent,3,6,4,2026-09-02T09:26:43.093975,2026-09-01T19:26:43.093975,Discharged
579,P0865,2026-08-14T05:26:43.093975,Elective,3,6,2,2026-08-21T05:26:43.093975,2026-08-20T07:26:43.093975,Discharged
580,P0349,2026-08-11T05:26:43.093975,Elective,5,10,1,2026-08-17T05:26:43.093975,2026-08-17T09:26:43.093975,Discharged
581,P0627,2026-08-13T17:26:43.093975,Emergency,1,2,8,2026-08-16T17:26:43.093975,2026-08-16T02:26:43.093975,Discharged
582,P0623,2026-08-24T13:26:43.093975,Urgent,5,9,2,2026-08-31T13:26:43.093975,2026-08-30T19:26:43.093975,Discharged
583,P0333,2026-08-10T16:26:43.093975,Emergency,4,8,3,2026-08-15T16:26:43.093975,2026-08-15T21:26:43.093975,Discharged
584,P0837,2026-08-28T08:26:43.093975,Emergency,4,8,10,2026-08-31T08:26:43.093975,2026-09-01T17:26:43.093975,Discharged
585,P0768,2026-08-17T16:26:43.093975,Elective,3,6,6,2026-08-18T16:26:43.093975,2026-08-20T02:26:43.093975,Discharged
586,P0267,2026-08-28T01:26:43.093975,Elective,1,2,7,2026-09-02T01:26:43.093975,2026-09-03T10:26:43.093975,Discharged
587,P0925,2026-08-11T05:26:43.093975,Elective,5,9,7,2026-08-13T05:26:43.093975,2026-08-14T09:26:43.093975,Discharged
588,P0731,2026-08-26T03:26:43.093975,Emergency,5,10,10,2026-08-30T03:26:43.093975,2026-08-29T14:26:43.093975,Discharged
589,P0367,2026-08-25T04:26:43.093975,Elective,1,2,6,2026-08-27T04:26:43.093975,2026-08-28T15:26:43.093975,Discharged
