treatment_id,admission_id,patient_id,service_id,doctor_id,treatment_datetime,status
1,1,P0001,3,4,2026-08-17T22:59:14.666000,Completed
2,1,P0001,3,4,2026-08-18T02:34:25.666000,Completed
3,2,P0002,8,2,2026-08-16T20:20:40.666051,Completed
4,2,P0002,4,2,2026-08-17T02:21:04.666051,Completed
5,3,P0003,1,7,2026-08-16T09:59:55.666110,Completed
6,4,P0004,2,3,2026-08-25T02:48:08.666132,Completed
7,4,P0004,3,3,2026-08-24T13:17:26.666132,Completed
8,4,P0004,4,3,2026-08-25T23:24:26.666132,Completed
9,5,P0005,6,8,2026-08-17T14:10:35.666155,Completed
10,5,P0005,5,8,2026-08-19T00:07:33.666155,Completed
11,6,P0006,10,4,2026-08-15T09:06:47.666174,Completed
12,6,P0006,6,4,2026-08-16T03:58:30.666174,Completed
13,7,P0007,10,10,2026-08-13T16:12:01.666193,Completed
14,7,P0007,5,10,2026-08-14T04:13:28.666193,Completed
15,8,P0008,9,7,2026-08-21T03:18:55.666211,Completed
16,8,P0008,5,7,2026-08-21T05:15:15.666211,Completed
17,8,P0008,1,7,2026-08-21T19:29:28.666211,Completed
18,8,P0008,4,7,2026-08-21T05:19:14.666211,Completed
19,9,P0009,9,5,2026-08-24T00:13:10.666237,Completed
20,9,P0009,4,5,2026-08-24T12:14:27.666237,Completed
21,10,P0010,4,5,2026-08-13T12:51:19.666256,Completed
22,10,P0010,3,5,2026-08-12T18:56:43.666256,Completed
23,11,P0011,4,5,2026-08-19T17:55:47.666281,Completed
24,11,P0011,5,5,2026-08-19T23:49:21.666281,Completed
25,11,P0011,7,5,2026-08-19T16:39:57.666281,Completed
26,12,P0012,7,5,2026-08-13T16:59:13.666305,Completed
27,13,P0013,3,10,2026-08-21T01:50:16.666321,Completed
28,14,P0014,5,1,2026-08-18T06:38:11.666342,Completed
29,15,P0015,8,10,2026-08-19T18:57:25.666358,Completed
30,15,P0015,7,10,2026-08-21T10:57:05.666358,Completed
31,15,P0015,8,10,2026-08-20T22:28:51.666358,Completed
32,15,P0015,4,10,2026-08-23T01:11:11.666358,Completed
33,16,P0016,9,3,2026-08-14T02:58:32.666382,Completed
34,16,P0016,4,3,2026-08-15T10:28:09.666382,Completed
35,16,P0016,3,3,2026-08-15T03:47:07.666382,Completed
36,17,P0017,4,4,2026-08-17T06:11:31.666404,Completed
37,18,P0018,1,2,2026-08-23T09:54:37.666419,Completed
38,18,P0018,10,2,2026-08-24T13:58:32.666419,Completed
39,18,P0018,9,2,2026-08-24T06:21:48.666419,Completed
40,19,P0019,10,10,2026-08-22T19:17:24.666448,Completed
41,19,P0019,3,10,2026-08-23T17:08:23.666448,Completed
42,19,P0019,4,10,2026-08-23T03:15:14.666448,Completed
43,20,P0020,4,10,2026-08-11T23:53:43.666471,Completed
44,21,P0021,7,2,2026-08-16T22:09:01.666487,Completed
45,22,P0022,1,7,2026-08-19T06:06:03.666503,Completed
46,22,P0022,4,7,2026-08-19T22:43:52.666503,Completed
47,22,P0022,1,7,2026-08-20T15:34:58.666503,Completed
48,23,P0023,6,5,2026-08-18T22:50:51.666524,Completed
49,23,P0023,3,5,2026-08-20T03:15:46.666524,Completed
50,24,P0024,10,5,2026-08-22T17:28:22.666542,Completed
51,24,P0024,4,5,2026-08-24T05:01:55.666542,Completed
52,25,P0025,1,9,2026-08-21T13:47:47.666561,Completed
53,25,P0025,8,9,2026-08-21T23:55:04.666561,Completed
54,26,P0026,8,4,2026-08-24T12:44:20.666579,Completed
55,26,P0026,5,4,2026-08-23T23:07:25.666579,Completed
56,26,P0026,7,4,2026-08-26T08:24:13.666579,Completed
57,27,P0027,6,10,2026-08-17T07:05:30.666600,Completed
58,27,P0027,6,10,2026-08-17T20:38:34.666600,Completed
59,28,P0028,1,7,2026-08-25T02:51:56.666620,Completed
60,28,P0028,2,7,2026-08-25T03:05:50.666620,Completed
61,28,P0028,9,7,2026-08-26T19:54:09.666620,Completed
62,29,P0029,3,4,2026-08-15T20:40:49.666641,Completed
63,29,P0029,7,4,2026-08-15T17:00:12.666641,Completed
64,29,P0029,6,4,2026-08-17T16:33:35.666641,Completed
65,30,P0030,4,1,2026-08-22T16:23:59.666661,Completed
66,31,P0031,4,6,2026-08-25T21:15:03.666677,Completed
67,31,P0031,3,6,2026-08-27T03:05:55.666677,Completed
68,32,P0032,8,1,2026-08-19T09:02:16.666696,Completed
69,33,P0033,7,7,2026-08-13T07:25:05.666713,Completed
70,33,P0033,5,7,2026-08-14T06:03:39.666713,Completed
71,33,P0033,2,7,2026-08-14T14:07:32.666713,Completed
72,34,P0034,8,4,2026-08-23T11:13:59.666733,Completed
73,34,P0034,3,4,2026-08-24T15:18:45.666733,Completed
74,35,P0035,6,6,2026-08-19T00:43:58.666752,Completed
75,35,P0035,8,6,2026-08-19T00:53:14.666752,Completed
76,35,P0035,5,6,2026-08-21T01:46:41.666752,Completed
77,36,P0036,10,6,2026-08-14T11:20:10.666773,Completed
78,36,P0036,1,6,2026-08-14T23:46:17.666773,Completed
79,36,P0036,10,6,2026-08-16T12:04:04.666773,Completed
80,37,P0037,6,4,2026-08-22T14:14:18.666795,Completed
81,37,P0037,8,4,2026-08-22T17:37:49.666795,Completed
82,37,P0037,10,4,2026-08-22T20:09:01.666795,Completed
83,38,P0038,6,10,2026-08-16T05:10:24.666815,Completed
84,38,P0038,8,10,2026-08-17T15:08:37.666815,Completed
85,38,P0038,4,10,2026-08-18T21:33:08.666815,Completed
86,39,P0039,4,9,2026-08-20T00:11:36.666836,Completed
87,39,P0039,5,9,2026-08-20T03:19:57.666836,Completed
88,40,P0040,4,2,2026-08-16T18:46:57.666854,Completed
89,41,P0041,4,2,2026-08-12T17:25:09.666870,Completed
90,42,P0042,4,10,2026-08-26T09:12:32.666886,Completed
91,42,P0042,10,10,2026-08-26T08:55:46.666886,Completed
92,42,P0042,4,10,2026-08-26T07:52:46.666886,Completed
93,43,P0043,9,8,2026-08-20T22:26:30.666907,Completed
94,44,P0044,7,8,2026-08-23T06:37:42.666925,Completed
95,44,P0044,9,8,2026-08-23T21:03:01.666925,Completed
96,44,P0044,3,8,2026-08-22T23:45:17.666925,Completed
97,44,P0044,4,8,2026-08-24T03:20:53.666925,Completed
98,45,P0045,4,10,2026-08-23T10:22:40.666949,Completed
99,45,P0045,7,10,2026-08-23T14:35:03.666949,Completed
100,46,P0046,10,5,2026-08-14T19:15:36.666972,Completed
101,46,P0046,8,5,2026-08-14T15:26:02.666972,Completed
102,47,P0047,2,1,2026-08-24T10:54:47.666990,Completed
103,47,P0047,9,1,2026-08-26T05:29:57.666990,Completed
104,47,P0047,1,1,2026-08-24T22:35:54.666990,Completed
105,48,P0048,8,1,2026-08-14T09:20:05.667011,Completed
106,48,P0048,7,1,2026-08-15T09:17:20.667011,Completed
107,48,P0048,6,1,2026-08-16T03:28:30.667011,Completed
108,49,P0049,4,3,2026-08-13T22:18:28.667034,Completed
109,50,P0050,3,6,2026-08-25T05:17:19.667058,Completed
110,50,P0050,4,6,2026-08-26T00:00:57.667058,Completed
111,50,P0050,7,6,2026-08-27T05:01:14.667058,Completed
112,51,P0051,8,10,2026-08-19T08:40:53.667081,Completed
113,51,P0051,2,10,2026-08-19T09:32:34.667081,Completed
114,52,P0052,7,4,2026-08-23T16:09:44.667100,Completed
115,53,P0053,1,10,2026-08-17T12:09:17.667115,Completed
116,53,P0053,9,10,2026-08-18T13:38:41.667115,Completed
117,53,P0053,10,10,2026-08-18T23:35:24.667115,Completed
118,54,P0054,4,9,2026-08-19T03:32:21.667142,Completed
119,55,P0055,7,2,2026-08-15T19:45:40.667157,Completed
120,56,P0056,7,10,2026-08-25T07:26:02.667173,Completed
121,56,P0056,9,10,2026-08-25T19:49:47.667173,Completed
122,57,P0057,1,5,2026-08-22T16:15:19.667192,Completed
123,57,P0057,10,5,2026-08-24T02:03:20.667192,Completed
124,58,P0058,8,9,2026-08-17T15:56:20.667210,Completed
125,58,P0058,1,9,2026-08-17T10:08:08.667210,Completed
126,59,P0059,2,1,2026-08-12T12:42:47.667230,Completed
127,59,P0059,8,1,2026-08-12T08:38:48.667230,Completed
128,59,P0059,5,1,2026-08-12T02:41:52.667230,Completed
129,59,P0059,2,1,2026-08-14T10:51:17.667230,Completed
130,60,P0060,10,2,2026-08-14T11:16:29.667254,Completed
131,60,P0060,7,2,2026-08-14T08:44:46.667254,Completed
132,61,P0061,7,10,2026-08-25T21:15:25.667272,Completed
133,61,P0061,1,10,2026-08-26T06:43:08.667272,Completed
134,61,P0061,2,10,2026-08-27T00:47:41.667272,Completed
135,62,P0062,7,2,2026-08-26T01:24:53.667292,Completed
136,63,P0063,1,2,2026-08-22T04:32:44.667308,Completed
137,64,P0064,3,9,2026-08-24T21:57:30.667324,Completed
138,65,P0065,9,3,2026-08-25T11:43:30.667340,Completed
139,65,P0065,8,3,2026-08-25T13:31:19.667340,Completed
140,66,P0066,5,2,2026-08-17T07:03:56.667358,Completed
141,67,P0067,9,1,2026-08-13T08:53:14.667374,Completed
142,68,P0068,1,3,2026-08-23T00:38:29.667391,Completed
143,68,P0068,3,3,2026-08-23T05:51:47.667391,Completed
144,68,P0068,3,3,2026-08-23T02:26:19.667391,Completed
145,69,P0069,2,7,2026-08-21T04:54:35.667416,Completed
146,69,P0069,4,7,2026-08-21T10:59:35.667416,Completed
147,70,P0070,1,8,2026-08-21T20:57:54.667433,Completed
148,71,P0071,3,5,2026-08-21T22:24:32.667449,Completed
149,71,P0071,9,5,2026-08-23T05:50:29.667449,Completed
150,71,P0071,7,5,2026-08-23T20:13:37.667449,Completed
151,72,P0072,7,5,2026-08-21T20:19:29.667475,Completed
152,73,P0073,7,8,2026-08-26T04:57:08.667495,Completed
153,74,P0074,9,5,2026-08-21T15:01:44.667512,Completed
154,74,P0074,10,5,2026-08-21T20:09:05.667512,Completed
155,74,P0074,4,5,2026-08-23T10:56:42.667512,Completed
156,74,P0074,5,5,2026-08-24T05:41:28.667512,Completed
157,75,P0075,6,5,2026-08-20T12:08:34.667541,Completed
158,75,P0075,3,5,2026-08-21T08:05:07.667541,Completed
159,75,P0075,5,5,2026-08-21T22:08:48.667541,Completed
160,76,P0076,8,9,2026-08-20T15:10:41.667561,Completed
161,76,P0076,9,9,2026-08-19T18:30:09.667561,Completed
162,76,P0076,2,9,2026-08-21T20:43:44.667561,Completed
163,76,P0076,8,9,2026-08-22T02:30:48.667561,Completed
164,77,P0077,8,3,2026-08-19T09:10:15.667585,Completed
165,78,P0078,3,2,2026-08-13T04:54:00.667601,Completed
166,78,P0078,6,2,2026-08-13T03:47:34.667601,Completed
167,78,P0078,5,2,2026-08-15T12:19:23.667601,Completed
168,79,P0079,2,4,2026-08-14T11:43:59.667621,Completed
169,79,P0079,3,4,2026-08-14T00:55:47.667621,Completed
170,80,P0080,1,3,2026-08-16T13:31:45.667639,Completed
171,81,P0081,7,7,2026-08-20T22:48:15.667655,Completed
172,81,P0081,6,7,2026-08-22T05:35:32.667655,Completed
173,82,P0082,8,8,2026-08-14T07:00:22.667679,Completed
174,82,P0082,7,8,2026-08-14T15:37:08.667679,Completed
175,83,P0083,8,4,2026-08-18T19:56:02.667699,Completed
176,84,P0084,3,7,2026-08-19T10:07:38.667715,Completed
177,84,P0084,9,7,2026-08-20T19:01:32.667715,Completed
178,85,P0085,3,6,2026-08-24T05:20:02.667734,Completed
179,85,P0085,8,6,2026-08-24T05:11:36.667734,Completed
180,86,P0086,7,6,2026-08-18T05:24:27.667752,Completed
181,86,P0086,5,6,2026-08-19T01:30:36.667752,Completed
182,87,P0087,5,8,2026-08-25T13:11:30.667843,Completed
183,87,P0087,7,8,2026-08-25T20:17:18.667843,Completed
184,88,P0088,1,5,2026-08-17T14:03:08.667865,Completed
185,88,P0088,1,5,2026-08-19T02:37:31.667865,Completed
186,89,P0089,9,1,2026-08-17T19:18:57.667884,Completed
187,89,P0089,8,1,2026-08-18T19:05:38.667884,Completed
188,90,P0090,8,1,2026-08-12T22:22:03.667903,Completed
189,90,P0090,9,1,2026-08-14T02:10:11.667903,Completed
190,90,P0090,2,1,2026-08-13T11:32:17.667903,Completed
191,91,P0091,10,8,2026-08-25T22:32:32.667929,Completed
192,92,P0092,6,2,2026-08-24T17:14:07.667949,Completed
193,93,P0093,6,10,2026-08-12T14:58:58.667969,Completed
194,93,P0093,10,10,2026-08-12T19:50:13.667969,Completed
195,94,P0094,1,7,2026-08-19T23:54:43.668003,Completed
196,94,P0094,2,7,2026-08-19T22:06:07.668003,Completed
197,94,P0094,6,7,2026-08-22T02:29:01.668003,Completed
198,95,P0095,4,9,2026-08-13T23:18:23.668023,Completed
199,96,P0096,9,3,2026-08-20T23:04:06.668039,Completed
200,96,P0096,8,3,2026-08-21T20:07:30.668039,Completed
201,97,P0097,1,5,2026-08-20T05:23:29.668059,Completed
202,97,P0097,7,5,2026-08-20T05:03:35.668059,Completed
203,98,P0098,2,1,2026-08-23T11:43:03.668082,Completed
204,98,P0098,7,1,2026-08-23T04:55:47.668082,Completed
205,98,P0098,1,1,2026-08-24T06:26:44.668082,Completed
206,99,P0099,6,8,2026-08-19T00:18:20.668110,Completed
207,100,P0100,6,7,2026-08-18T16:59:38.668131,Completed
208,101,P0101,8,7,2026-08-20T18:40:45.668147,Completed
209,102,P0102,10,10,2026-08-18T02:05:56.668163,Completed
210,103,P0103,1,3,2026-08-14T05:42:31.668183,Completed
211,103,P0103,1,3,2026-08-14T14:14:00.668183,Completed
212,103,P0103,9,3,2026-08-15T05:49:11.668183,Completed
213,104,P0104,2,9,2026-08-18T20:02:10.668209,Completed
214,105,P0105,10,10,2026-08-19T07:10:21.668225,Completed
215,105,P0105,8,10,2026-08-19T04:40:24.668225,Completed
216,106,P0106,2,8,2026-08-14T11:10:16.668244,Completed
217,106,P0106,1,8,2026-08-15T12:51:53.668244,Completed
218,106,P0106,9,8,2026-08-16T15:45:52.668244,Completed
219,107,P0107,8,3,2026-08-17T11:02:46.668265,Completed
220,107,P0107,8,3,2026-08-19T04:35:50.668265,Completed
221,108,P0108,6,3,2026-08-23T18:56:04.668289,Completed
222,108,P0108,7,3,2026-08-23T08:45:36.668289,Completed
223,108,P0108,9,3,2026-08-23T00:37:47.668289,Completed
224,109,P0109,9,9,2026-08-18T17:59:45.668311,Completed
225,109,P0109,5,9,2026-08-20T10:45:51.668311,Completed
226,110,P0110,10,1,2026-08-25T07:25:16.668330,Completed
227,110,P0110,8,1,2026-08-25T16:44:17.668330,Completed
228,110,P0110,1,1,2026-08-27T05:31:01.668330,Completed
229,110,P0110,2,1,2026-08-28T04:52:57.668330,Completed
230,111,P0111,5,6,2026-08-21T02:45:10.668360,Completed
231,112,P0112,9,6,2026-08-14T21:09:41.668380,Completed
232,113,P0113,2,7,2026-08-24T17:16:41.668396,Completed
233,113,P0113,1,7,2026-08-25T03:33:01.668396,Completed
234,113,P0113,5,7,2026-08-26T20:45:54.668396,Completed
235,114,P0114,2,4,2026-08-20T02:48:34.668418,Completed
236,115,P0115,4,4,2026-08-11T23:43:11.668433,Completed
237,115,P0115,6,4,2026-08-11T19:16:09.668433,Completed
238,116,P0116,9,2,2026-08-17T12:21:35.668456,Completed
239,116,P0116,1,2,2026-08-18T15:11:29.668456,Completed
240,116,P0116,3,2,2026-08-19T04:45:55.668456,Completed
241,116,P0116,5,2,2026-08-19T01:39:38.668456,Completed
242,117,P0117,6,8,2026-08-15T22:23:00.668479,Completed
243,118,P0118,2,7,2026-08-14T00:35:23.668497,Completed
244,118,P0118,4,7,2026-08-13T23:17:55.668497,Completed
245,118,P0118,4,7,2026-08-14T20:05:40.668497,Completed
246,119,P0119,8,5,2026-08-12T08:59:51.668518,Completed
247,119,P0119,3,5,2026-08-12T10:48:14.668518,Completed
248,119,P0119,3,5,2026-08-14T07:04:41.668518,Completed
249,120,P0120,4,3,2026-08-19T03:02:56.668543,Completed
250,121,P0121,8,4,2026-08-17T19:22:11.668560,Completed
251,121,P0121,6,4,2026-08-17T13:36:08.668560,Completed
252,122,P0122,9,5,2026-08-12T06:52:35.668583,Completed
253,122,P0122,8,5,2026-08-12T05:50:22.668583,Completed
254,122,P0122,7,5,2026-08-13T05:12:00.668583,Completed
255,123,P0123,2,3,2026-08-22T02:57:42.668603,Completed
256,123,P0123,4,3,2026-08-22T23:34:28.668603,Completed
257,123,P0123,5,3,2026-08-22T12:48:20.668603,Completed
258,124,P0124,1,8,2026-08-22T13:05:32.668624,Completed
259,125,P0125,4,2,2026-08-18T02:19:05.668645,Completed
260,125,P0125,8,2,2026-08-18T15:18:05.668645,Completed
261,126,P0126,8,4,2026-08-17T20:45:22.668668,Completed
262,126,P0126,3,4,2026-08-17T05:23:14.668668,Completed
263,127,P0127,5,9,2026-08-19T17:23:53.668686,Completed
264,127,P0127,9,9,2026-08-19T19:41:24.668686,Completed
265,128,P0128,4,7,2026-08-16T02:04:36.668709,Completed
266,128,P0128,1,7,2026-08-15T14:35:57.668709,Completed
267,129,P0129,8,2,2026-08-17T04:28:05.668729,Completed
268,130,P0130,2,1,2026-08-14T07:11:59.668745,Completed
269,130,P0130,3,1,2026-08-14T09:23:24.668745,Completed
270,131,P0131,9,3,2026-08-21T10:37:58.668764,Completed
271,131,P0131,10,3,2026-08-22T11:29:39.668764,Completed
272,132,P0132,3,10,2026-08-22T20:59:00.668782,Completed
273,132,P0132,5,10,2026-08-22T18:16:34.668782,Completed
274,132,P0132,6,10,2026-08-23T10:04:20.668782,Completed
275,132,P0132,2,10,2026-08-24T20:18:37.668782,Completed
276,133,P0133,4,4,2026-08-14T07:48:26.668808,Completed
277,133,P0133,8,4,2026-08-14T21:59:08.668808,Completed
278,133,P0133,8,4,2026-08-14T05:23:51.668808,Completed
279,134,P0134,10,8,2026-08-23T07:11:09.668834,Completed
280,134,P0134,6,8,2026-08-23T10:30:42.668834,Completed
281,134,P0134,4,8,2026-08-23T23:35:38.668834,Completed
282,135,P0135,9,2,2026-08-24T08:09:54.668855,Completed
283,135,P0135,3,2,2026-08-25T21:15:01.668855,Completed
284,136,P0136,8,8,2026-08-26T06:58:58.668874,Completed
285,137,P0137,1,6,2026-08-16T20:47:42.668894,Completed
286,137,P0137,4,6,2026-08-17T08:04:19.668894,Completed
287,137,P0137,10,6,2026-08-18T06:42:00.668894,Completed
288,138,P0138,9,2,2026-08-19T01:26:59.668915,Completed
289,139,P0139,8,6,2026-08-22T20:41:40.668930,Completed
290,139,P0139,2,6,2026-08-24T02:00:57.668930,Completed
291,139,P0139,7,6,2026-08-23T22:13:52.668930,Completed
292,140,P0140,7,8,2026-08-18T11:17:26.668957,Completed
293,141,P0501,1,10,2026-07-14T21:40:52.668974,Completed
294,141,P0501,5,10,2026-07-15T11:05:03.668974,Completed
295,142,P0171,2,3,2026-07-22T17:44:07.669003,Completed
296,143,P0224,8,6,2026-07-28T06:34:30.669023,Completed
297,143,P0224,10,6,2026-07-28T20:06:28.669023,Completed
298,144,P0369,10,8,2026-07-19T11:27:50.669046,Completed
299,146,P0217,10,9,2026-08-14T13:31:42.669082,Completed
300,147,P0538,5,10,2026-08-07T18:08:07.669100,Completed
301,149,P0561,10,1,2026-08-01T12:43:32.669134,Completed
302,149,P0561,6,1,2026-08-01T10:20:51.669134,Completed
303,150,P0238,8,10,2026-07-16T11:04:20.669155,Completed
304,150,P0238,5,10,2026-07-17T02:22:00.669155,Completed
305,150,P0238,2,10,2026-07-17T09:59:17.669155,Completed
306,151,P0930,3,8,2026-08-04T20:59:13.669180,Completed
307,152,P0648,6,2,2026-08-12T20:12:03.669199,Completed
308,152,P0648,2,2,2026-08-13T05:29:07.669199,Completed
309,152,P0648,8,2,2026-08-13T21:47:14.669199,Completed
310,153,P0861,2,6,2026-07-20T23:45:23.669223,Completed
311,155,P0716,1,5,2026-07-15T00:12:46.669257,Completed
312,155,P0716,6,5,2026-07-15T23:48:38.669257,Completed
313,156,P0452,2,4,2026-07-18T05:05:56.669278,Completed
314,157,P0642,4,7,2026-07-27T18:27:47.669297,Completed
315,158,P0509,10,6,2026-07-28T10:16:13.669315,Completed
316,158,P0509,7,6,2026-07-28T17:15:18.669315,Completed
317,159,P0624,1,9,2026-07-19T18:35:49.669335,Completed
318,160,P0805,5,6,2026-07-25T03:43:07.669352,Completed
319,160,P0805,9,6,2026-07-24T22:35:46.669352,Completed
320,161,P0855,10,2,2026-08-21T02:05:45.669372,Completed
321,162,P0722,4,3,2026-08-15T14:20:16.669392,Completed
322,163,P0203,6,9,2026-08-01T02:55:56.669413,Completed
323,164,P0581,9,3,2026-07-18T02:21:19.669431,Completed
324,166,P0580,10,9,2026-07-22T09:25:58.669466,Completed
325,166,P0580,6,9,2026-07-23T04:07:01.669466,Completed
326,166,P0580,5,9,2026-07-22T18:36:54.669466,Completed
327,167,P0881,6,2,2026-08-11T19:41:10.669489,Completed
328,168,P0291,1,1,2026-08-07T00:27:17.669508,Completed
329,168,P0291,1,1,2026-08-07T01:10:04.669508,Completed
330,169,P0727,1,1,2026-07-19T04:55:07.669528,Completed
331,169,P0727,7,1,2026-07-20T07:29:25.669528,Completed
332,169,P0727,4,1,2026-07-19T15:13:50.669528,Completed
333,170,P0956,8,5,2026-07-29T12:58:11.669551,Completed
334,171,P0455,4,6,2026-08-03T10:27:19.669568,Completed
335,171,P0455,1,6,2026-08-04T04:21:05.669568,Completed
336,172,P0343,10,8,2026-07-19T02:08:26.669588,Completed
337,172,P0343,8,8,2026-07-20T00:25:59.669588,Completed
338,173,P0848,1,1,2026-07-23T11:21:30.669611,Completed
339,175,P0894,8,2,2026-07-21T21:35:16.669645,Completed
340,176,P0463,7,2,2026-08-08T09:05:41.669663,Completed
341,177,P0353,4,6,2026-08-04T07:17:00.669681,Completed
342,177,P0353,5,6,2026-08-05T13:27:15.669681,Completed
343,178,P0608,5,7,2026-07-31T10:23:40.669701,Completed
344,178,P0608,8,7,2026-08-01T06:19:44.669701,Completed
345,179,P0332,3,3,2026-08-12T22:19:37.669723,Completed
346,181,P0516,8,7,2026-08-12T20:10:11.669757,Completed
347,182,P0228,9,10,2026-08-12T09:40:05.669775,Completed
348,183,P0665,3,7,2026-08-03T21:26:51.669793,Completed
349,183,P0665,6,7,2026-08-04T00:36:32.669793,Completed
350,184,P0938,4,10,2026-08-12T16:38:22.669815,Completed
351,185,P0346,9,3,2026-07-29T10:18:57.669834,Completed
352,186,P0813,6,4,2026-07-19T07:48:16.669852,Completed
353,187,P0760,9,10,2026-07-17T22:05:27.669869,Completed
354,188,P0991,1,6,2026-07-23T09:53:47.669886,Completed
355,189,P0505,5,2,2026-08-20T15:21:39.669904,Completed
356,189,P0505,5,2,2026-08-20T23:01:55.669904,Completed
357,191,P0370,4,10,2026-08-18T07:07:34.669940,Completed
358,191,P0370,10,10,2026-08-18T03:12:45.669940,Completed
359,191,P0370,1,10,2026-08-18T13:31:56.669940,Completed
360,193,P0525,2,1,2026-08-12T09:08:05.669978,Completed
361,193,P0525,9,1,2026-08-13T15:14:45.669978,Completed
362,194,P0998,9,5,2026-08-02T21:22:18.669999,Completed
363,195,P0195,4,5,2026-07-14T10:31:26.670017,Completed
364,195,P0195,1,5,2026-07-14T07:56:20.670017,Completed
365,195,P0195,6,5,2026-07-15T05:44:01.670017,Completed
366,197,P0497,10,5,2026-08-21T11:00:04.670057,Completed
367,198,P0657,6,9,2026-07-26T06:51:08.670075,Completed
368,199,P0923,8,5,2026-08-09T07:01:41.670093,Completed
369,199,P0923,8,5,2026-08-09T06:52:08.670093,Completed
370,200,P0722,6,5,2026-07-30T20:20:54.670114,Completed
371,201,P0664,4,9,2026-08-13T18:15:36.670133,Completed
372,202,P0718,9,3,2026-08-18T03:41:04.670151,Completed
373,202,P0718,1,3,2026-08-18T04:56:18.670151,Completed
374,203,P0719,1,1,2026-08-03T02:41:01.670171,Completed
375,204,P0362,6,4,2026-07-31T13:47:38.670188,Completed
376,205,P0570,8,8,2026-08-04T08:47:05.670207,Completed
377,206,P0627,9,8,2026-07-22T10:12:19.670226,Completed
378,206,P0627,7,8,2026-07-23T02:28:29.670226,Completed
379,207,P0313,1,10,2026-07-20T19:04:32.670252,Completed
380,207,P0313,4,10,2026-07-22T05:49:48.670252,Completed
381,209,P0531,1,6,2026-08-11T04:17:05.670287,Completed
382,209,P0531,8,6,2026-08-11T22:54:15.670287,Completed
383,210,P0558,4,5,2026-08-18T07:09:37.670307,Completed
384,211,P0984,5,1,2026-07-20T18:19:23.670326,Completed
385,211,P0984,7,1,2026-07-22T02:51:43.670326,Completed
386,212,P0813,6,9,2026-07-30T05:19:21.670347,Completed
387,212,P0813,4,9,2026-07-30T17:01:20.670347,Completed
388,213,P0709,3,9,2026-08-10T13:42:45.670367,Completed
389,214,P0894,5,3,2026-07-28T22:39:54.670384,Completed
390,215,P0659,8,4,2026-08-19T11:11:52.670402,Completed
391,215,P0659,2,4,2026-08-20T07:04:39.670402,Completed
392,216,P0848,8,10,2026-08-02T23:08:18.670423,Completed
393,216,P0848,8,10,2026-08-02T22:45:00.670423,Completed
394,218,P0313,1,4,2026-07-18T06:57:32.670459,Completed
395,219,P0813,4,6,2026-08-01T22:24:25.670477,Completed
396,220,P0295,7,10,2026-08-02T20:58:54.670496,Completed
397,220,P0295,8,10,2026-08-04T01:59:19.670496,Completed
398,221,P0941,6,7,2026-08-02T13:21:32.670516,Completed
399,221,P0941,9,7,2026-08-02T04:16:59.670516,Completed
400,221,P0941,3,7,2026-08-03T15:44:00.670516,Completed
401,222,P0663,8,10,2026-08-02T11:20:55.670539,Completed
402,223,P0819,10,4,2026-07-20T08:32:30.670558,Completed
403,223,P0819,10,4,2026-07-21T04:55:59.670558,Completed
404,223,P0819,6,4,2026-07-22T02:16:58.670558,Completed
405,224,P0713,6,8,2026-07-25T14:02:25.670583,Completed
406,225,P0746,8,6,2026-08-20T05:38:07.670601,Completed
407,225,P0746,4,6,2026-08-20T05:15:59.670601,Completed
408,226,P0387,4,7,2026-08-08T01:27:14.670623,Completed
409,226,P0387,10,7,2026-08-08T10:36:38.670623,Completed
410,227,P0390,2,8,2026-08-11T10:09:11.670642,Completed
411,227,P0390,6,8,2026-08-11T19:14:02.670642,Completed
412,228,P0384,4,7,2026-08-05T18:29:57.670663,Completed
413,228,P0384,6,7,2026-08-05T14:04:02.670663,Completed
414,229,P0529,10,1,2026-07-14T11:38:36.670685,Completed
415,230,P0995,3,7,2026-08-20T15:01:18.670703,Completed
416,231,P0236,8,10,2026-07-23T20:13:53.670721,Completed
417,231,P0236,4,10,2026-07-23T12:59:56.670721,Completed
418,232,P0538,4,7,2026-07-23T00:24:00.670742,Completed
419,233,P0885,10,10,2026-07-31T09:42:30.670759,Completed
420,233,P0885,3,10,2026-07-31T20:00:42.670759,Completed
421,234,P0391,6,2,2026-08-05T18:49:46.670781,Completed
422,234,P0391,1,2,2026-08-05T11:35:52.670781,Completed
423,235,P0211,2,2,2026-07-22T17:17:20.670803,Completed
424,235,P0211,6,2,2026-07-23T20:34:27.670803,Completed
425,236,P0747,1,6,2026-07-21T13:27:47.670824,Completed
426,236,P0747,10,6,2026-07-22T08:03:46.670824,Completed
427,237,P0936,3,9,2026-08-11T14:59:36.670844,Completed
428,237,P0936,7,9,2026-08-12T09:57:00.670844,Completed
429,238,P0979,9,6,2026-07-14T07:35:48.670864,Completed
430,239,P0649,3,1,2026-08-21T11:48:57.670882,Completed
431,239,P0649,6,1,2026-08-21T12:24:42.670882,Completed
432,240,P0944,7,9,2026-07-21T09:57:13.670904,Completed
433,241,P0387,6,7,2026-07-25T04:04:57.670920,Completed
434,242,P0673,8,2,2026-08-02T16:49:08.670938,Completed
435,243,P0934,6,2,2026-08-04T11:34:22.670956,Completed
436,244,P0980,1,6,2026-08-18T09:35:21.670974,Completed
437,245,P0668,8,2,2026-07-31T06:13:48.670992,Completed
438,246,P0787,4,3,2026-08-09T23:51:07.671011,Completed
439,247,P0612,1,1,2026-07-24T12:48:43.671029,Completed
440,247,P0612,2,1,2026-07-25T08:05:03.671029,Completed
441,247,P0612,9,1,2026-07-26T03:59:22.671029,Completed
442,248,P0384,3,5,2026-08-09T05:11:02.671053,Completed
443,248,P0384,3,5,2026-08-09T02:41:11.671053,Completed
444,248,P0384,6,5,2026-08-10T01:27:38.671053,Completed
445,249,P0360,10,8,2026-07-25T08:22:55.671077,Completed
446,250,P0597,10,8,2026-08-09T23:36:18.671096,Completed
447,250,P0597,10,8,2026-08-10T10:12:44.671096,Completed
448,251,P0957,10,9,2026-07-21T08:21:10.671118,Completed
449,252,P0766,6,2,2026-08-05T10:30:59.671135,Completed
450,252,P0766,3,2,2026-08-06T06:34:46.671135,Completed
451,254,P0785,8,5,2026-07-27T20:21:47.671171,Completed
452,255,P0559,2,5,2026-08-07T09:42:41.671189,Completed
453,255,P0559,8,5,2026-08-07T07:36:55.671189,Completed
454,256,P0949,3,2,2026-08-03T10:53:57.671210,Completed
455,257,P0416,3,4,2026-07-30T11:15:36.671226,Completed
456,257,P0416,1,4,2026-07-30T07:31:45.671226,Completed
457,258,P0821,7,6,2026-08-06T20:00:32.671247,Completed
458,258,P0821,3,6,2026-08-08T01:22:13.671247,Completed
459,260,P0331,1,8,2026-07-20T04:47:50.671287,Completed
460,261,P0495,10,1,2026-07-29T20:08:39.671309,Completed
461,262,P0760,2,4,2026-07-12T09:14:59.671329,Completed
462,262,P0760,3,4,2026-07-12T13:41:25.671329,Completed
463,262,P0760,9,4,2026-07-13T18:51:50.671329,Completed
464,263,P0648,9,2,2026-08-13T15:59:52.671352,Completed
465,265,P0882,10,6,2026-08-01T11:43:00.671387,Completed
466,265,P0882,10,6,2026-08-02T13:04:20.671387,Completed
467,265,P0882,9,6,2026-08-03T03:45:09.671387,Completed
468,266,P0626,1,2,2026-07-15T14:28:53.671413,Completed
469,267,P0540,8,9,2026-08-04T01:51:57.671430,Completed
470,267,P0540,5,9,2026-08-04T07:17:11.671430,Completed
471,268,P0996,5,9,2026-07-13T01:42:19.671451,Completed
472,269,P0451,7,5,2026-07-14T22:57:57.671469,Completed
473,270,P0335,2,6,2026-07-15T21:38:00.671488,Completed
474,271,P0891,9,10,2026-07-16T13:28:40.671506,Completed
475,271,P0891,8,10,2026-07-16T23:03:25.671506,Completed
476,272,P0325,4,3,2026-08-19T03:51:31.671526,Completed
477,273,P0318,10,3,2026-08-20T17:40:24.671545,Completed
478,273,P0318,9,3,2026-08-21T06:29:17.671545,Completed
479,273,P0318,9,3,2026-08-22T11:30:54.671545,Completed
480,275,P0546,10,1,2026-07-14T13:59:09.671584,Completed
481,275,P0546,8,1,2026-07-14T08:50:51.671584,Completed
482,277,P0992,10,5,2026-08-19T23:51:28.671619,Completed
483,278,P0278,1,2,2026-08-06T03:13:03.671637,Completed
484,279,P0930,4,8,2026-08-15T18:46:27.671657,Completed
485,281,P0372,6,4,2026-08-17T20:35:26.671690,Completed
486,283,P0303,2,8,2026-07-15T07:01:17.671723,Completed
487,284,P0449,5,9,2026-07-18T17:44:40.671741,Completed
488,284,P0449,8,9,2026-07-18T07:49:36.671741,Completed
489,285,P0226,1,7,2026-08-14T08:31:40.671763,Completed
490,285,P0226,3,7,2026-08-14T09:46:14.671763,Completed
491,287,P0519,9,5,2026-08-16T17:30:40.671799,Completed
492,287,P0519,4,5,2026-08-16T11:08:22.671799,Completed
493,287,P0519,7,5,2026-08-17T00:28:52.671799,Completed
494,288,P0525,6,7,2026-08-16T11:42:22.671822,Completed
495,288,P0525,2,7,2026-08-16T11:39:17.671822,Completed
496,290,P0727,2,9,2026-07-31T13:32:56.671857,Completed
497,291,P0633,6,9,2026-08-20T20:00:54.671873,Completed
498,291,P0633,5,9,2026-08-21T03:08:26.671873,Completed
499,292,P0883,7,4,2026-08-07T15:15:01.671893,Completed
500,292,P0883,2,4,2026-08-08T03:27:32.671893,Completed
501,293,P0941,9,6,2026-08-13T02:15:59.671913,Completed
502,294,P0318,6,6,2026-08-14T00:39:45.671933,Completed
503,294,P0318,6,6,2026-08-14T08:35:15.671933,Completed
504,295,P0768,1,9,2026-07-25T11:20:09.671956,Completed
505,296,P0792,2,1,2026-08-01T06:33:02.671975,Completed
506,297,P0850,8,5,2026-07-29T08:56:41.671994,Completed
507,297,P0850,10,5,2026-07-30T07:20:56.671994,Completed
508,298,P0210,3,6,2026-07-27T17:48:03.672015,Completed
509,298,P0210,3,6,2026-07-28T14:33:40.672015,Completed
510,299,P0598,4,7,2026-08-20T23:10:00.672036,Completed
511,300,P0388,8,8,2026-07-21T07:44:05.672054,Completed
512,300,P0388,7,8,2026-07-22T05:14:47.672054,Completed
513,301,P0374,4,3,2026-08-08T16:50:32.672076,Completed
514,301,P0374,5,3,2026-08-09T17:34:54.672076,Completed
515,302,P0145,3,7,2026-07-28T01:03:14.672095,Completed
516,302,P0145,6,7,2026-07-28T16:31:58.672095,Completed
517,303,P0244,9,10,2026-07-25T05:09:35.672116,Completed
518,303,P0244,7,10,2026-07-25T01:01:30.672116,Completed
519,304,P0279,8,8,2026-07-19T19:04:01.672135,Completed
520,304,P0279,4,8,2026-07-20T16:57:02.672135,Completed
521,305,P0525,3,5,2026-08-06T03:50:21.672156,Completed
522,306,P0669,2,2,2026-08-19T06:18:17.672175,Completed
523,306,P0669,7,2,2026-08-19T20:47:12.672175,Completed
524,307,P0959,5,1,2026-07-31T20:43:02.672196,Completed
525,308,P0510,7,2,2026-08-14T22:46:55.672214,Completed
526,309,P0588,1,9,2026-08-10T05:09:22.672232,Completed
527,312,P0444,5,10,2026-08-19T15:12:19.672279,Completed
528,313,P0179,6,4,2026-08-05T15:38:34.672298,Completed
529,314,P0973,9,10,2026-08-17T09:59:40.672316,Completed
530,314,P0973,4,10,2026-08-17T16:38:57.672316,Completed
531,315,P0986,3,2,2026-08-09T06:20:05.672338,Completed
532,316,P0853,5,7,2026-07-23T17:18:01.672355,Completed
533,316,P0853,9,7,2026-07-24T07:58:19.672355,Completed
534,317,P0790,1,10,2026-08-13T10:00:27.672376,Completed
535,318,P0388,1,6,2026-07-20T00:51:57.672394,Completed
536,319,P0393,2,5,2026-07-18T19:09:47.672413,Completed
537,320,P0364,8,7,2026-08-06T18:16:28.672431,Completed
538,323,P0234,5,2,2026-08-06T14:00:36.672479,Completed
539,324,P0791,2,7,2026-08-20T04:38:15.672500,Completed
540,324,P0791,10,7,2026-08-20T21:47:23.672500,Completed
541,324,P0791,9,7,2026-08-22T05:44:35.672500,Completed
542,325,P0493,4,4,2026-08-10T08:24:07.672526,Completed
543,325,P0493,5,4,2026-08-10T11:27:01.672526,Completed
544,325,P0493,6,4,2026-08-12T02:03:54.672526,Completed
545,328,P0643,2,4,2026-08-10T06:26:02.672579,Completed
546,328,P0643,2,4,2026-08-11T10:26:35.672579,Completed
547,329,P0730,1,5,2026-07-27T16:04:25.672600,Completed
548,329,P0730,2,5,2026-07-28T13:52:04.672600,Completed
549,330,P0654,6,1,2026-08-13T16:05:38.672621,Completed
550,332,P0616,2,9,2026-07-27T23:47:56.672655,Completed
551,333,P0166,7,2,2026-07-12T09:33:54.672672,Completed
552,334,P0746,10,4,2026-08-11T15:17:50.672690,Completed
553,335,P0765,10,9,2026-08-07T05:01:54.672707,Completed
554,335,P0765,6,9,2026-08-08T12:27:56.672707,Completed
555,336,P0472,4,1,2026-08-04T02:15:12.672732,Completed
556,336,P0472,7,1,2026-08-05T02:46:52.672732,Completed
557,337,P0508,8,1,2026-07-24T13:04:11.672752,Completed
558,338,P0276,3,8,2026-08-17T07:20:14.672770,Completed
559,340,P0698,6,10,2026-08-11T00:53:31.672802,Completed
560,340,P0698,8,10,2026-08-10T17:06:21.672802,Completed
561,341,P0862,8,3,2026-08-09T06:00:07.672824,Completed
562,342,P0874,6,10,2026-07-24T19:26:51.672842,Completed
563,342,P0874,8,10,2026-07-25T17:37:28.672842,Completed
564,343,P0825,10,2,2026-08-06T01:21:29.672864,Completed
565,344,P0189,6,5,2026-08-11T15:24:42.672882,Completed
566,344,P0189,6,5,2026-08-12T15:58:19.672882,Completed
567,344,P0189,4,5,2026-08-13T06:23:30.672882,Completed
568,345,P0429,1,8,2026-08-20T23:29:42.672905,Completed
569,347,P0336,1,8,2026-08-07T02:33:14.672939,Completed
570,348,P0420,4,7,2026-07-27T23:02:28.672958,Completed
571,348,P0420,7,7,2026-07-28T19:29:00.672958,Completed
572,349,P0774,1,9,2026-07-14T23:08:38.672978,Completed
573,350,P0414,8,8,2026-08-20T15:57:46.672996,Completed
574,351,P0939,5,9,2026-07-18T12:46:52.673013,Completed
575,351,P0939,2,9,2026-07-19T13:12:12.673013,Completed
576,351,P0939,1,9,2026-07-19T22:50:02.673013,Completed
577,352,P0412,7,1,2026-07-23T20:40:51.673038,Completed
578,353,P0190,1,7,2026-07-29T02:45:52.673056,Completed
579,354,P0874,1,1,2026-07-12T18:21:04.673074,Completed
580,355,P0187,4,7,2026-07-12T08:49:01.673091,Completed
581,356,P0967,3,6,2026-07-20T11:57:59.673110,Completed
582,357,P0660,6,7,2026-08-12T03:58:17.673128,Completed
583,358,P0721,6,9,2026-08-04T13:18:13.673147,Completed
584,359,P0412,4,4,2026-07-26T09:09:04.673164,Completed
585,360,P0763,2,10,2026-08-04T02:38:53.673182,Completed
586,360,P0763,8,10,2026-08-04T16:41:26.673182,Completed
587,361,P0701,4,2,2026-08-14T08:48:00.673203,Completed
588,361,P0701,10,2,2026-08-15T10:25:43.673203,Completed
589,362,P0784,6,2,2026-08-19T22:05:51.673222,Completed
590,362,P0784,9,2,2026-08-21T00:47:13.673222,Completed
591,363,P0838,9,9,2026-07-24T21:54:19.673242,Completed
592,364,P0625,10,4,2026-08-01T11:49:53.673261,Completed
593,364,P0625,1,4,2026-08-02T11:30:23.673261,Completed
594,365,P0384,7,4,2026-07-23T15:36:04.673283,Completed
595,365,P0384,4,4,2026-07-23T08:58:06.673283,Completed
596,366,P0333,2,8,2026-08-16T19:46:19.673307,Completed
597,366,P0333,3,8,2026-08-17T16:47:20.673307,Completed
598,367,P0754,8,3,2026-07-24T04:43:10.673326,Completed
599,367,P0754,5,3,2026-07-24T10:31:14.673326,Completed
600,368,P0338,9,9,2026-07-30T17:03:31.673346,Completed
601,371,P0284,8,8,2026-08-14T10:08:47.673396,Completed
602,372,P0258,3,6,2026-08-05T20:19:57.673435,Completed
603,372,P0258,1,6,2026-08-06T09:33:24.673435,Completed
604,373,P0393,9,5,2026-08-17T20:28:25.673456,Completed
605,373,P0393,5,5,2026-08-18T18:32:37.673456,Completed
606,374,P0802,2,4,2026-08-05T00:50:23.673477,Completed
607,374,P0802,2,4,2026-08-05T15:58:43.673477,Completed
608,375,P0950,10,2,2026-08-16T15:53:31.673499,Completed
609,375,P0950,6,2,2026-08-16T08:21:07.673499,Completed
610,376,P0413,3,10,2026-08-13T16:47:09.673520,Completed
611,376,P0413,6,10,2026-08-14T10:18:11.673520,Completed
612,377,P0470,10,5,2026-08-11T09:36:38.673541,Completed
613,377,P0470,1,5,2026-08-11T14:45:20.673541,Completed
614,377,P0470,9,5,2026-08-11T19:50:04.673541,Completed
615,379,P0503,9,5,2026-08-03T00:06:14.673580,Completed
616,380,P0514,6,9,2026-07-13T14:42:39.673599,Completed
617,381,P0692,2,5,2026-08-17T08:03:18.673617,Completed
618,381,P0692,10,5,2026-08-18T10:54:50.673617,Completed
619,382,P0577,5,10,2026-08-18T05:02:14.673637,Completed
620,382,P0577,10,10,2026-08-18T08:27:58.673637,Completed
621,382,P0577,10,10,2026-08-18T12:23:54.673637,Completed
622,383,P0141,5,10,2026-08-10T20:32:30.673660,Completed
623,384,P0203,7,8,2026-08-10T12:30:30.673676,Completed
624,384,P0203,10,8,2026-08-10T16:24:34.673676,Completed
625,385,P0709,1,8,2026-07-17T07:22:23.673696,Completed
626,385,P0709,8,8,2026-07-17T21:43:06.673696,Completed
627,386,P0798,2,6,2026-08-13T05:26:56.673720,Completed
628,387,P0825,9,8,2026-08-16T04:46:31.673738,Completed
629,388,P0658,7,4,2026-07-22T23:05:42.673755,Completed
630,388,P0658,1,4,2026-07-23T23:37:20.673755,Completed
631,389,P0842,5,6,2026-07-14T05:05:25.673776,Completed
632,390,P0179,2,9,2026-08-17T06:17:34.673794,Completed
633,391,P0393,1,9,2026-07-21T10:39:41.673812,Completed
634,392,P0368,6,5,2026-07-15T14:05:42.673830,Completed
635,393,P0432,3,10,2026-08-06T17:02:24.673848,Completed
636,393,P0432,2,10,2026-08-07T06:42:02.673848,Completed
637,394,P0710,7,8,2026-08-21T13:08:34.673868,Completed
638,395,P0198,2,9,2026-08-13T00:57:43.673887,Completed
639,395,P0198,2,9,2026-08-13T07:25:36.673887,Completed
640,396,P0550,1,10,2026-08-04T12:27:22.673906,Completed
641,397,P0719,4,4,2026-08-12T10:44:10.673924,Completed
642,397,P0719,1,4,2026-08-12T11:59:58.673924,Completed
643,398,P0244,3,7,2026-08-15T22:09:30.673944,Completed
644,399,P0871,7,4,2026-07-31T05:04:28.673962,Completed
645,400,P0946,5,2,2026-08-05T23:06:59.673979,Completed
646,401,P0800,8,4,2026-07-21T09:41:17.673996,Completed
647,401,P0800,1,4,2026-07-22T10:44:25.673996,Completed
648,402,P0958,10,4,2026-08-01T04:09:14.674016,Completed
649,402,P0958,3,4,2026-08-01T05:36:03.674016,Completed
650,403,P0891,5,3,2026-07-22T20:56:32.674037,Completed
651,403,P0891,1,3,2026-07-23T21:26:44.674037,Completed
652,404,P0892,3,4,2026-08-08T08:34:38.674057,Completed
653,405,P0190,8,8,2026-08-15T21:26:32.674075,Completed
654,405,P0190,3,8,2026-08-15T18:12:30.674075,Completed
655,406,P0238,5,6,2026-08-15T08:06:11.674097,Completed
656,406,P0238,7,6,2026-08-16T14:43:01.674097,Completed
657,407,P0780,4,1,2026-07-21T09:43:17.674118,Completed
658,409,P0950,10,2,2026-08-15T08:50:08.674151,Completed
659,410,P0877,9,7,2026-07-21T14:03:35.674167,Completed
660,411,P0739,4,10,2026-07-18T12:23:15.674185,Completed
661,412,P0611,8,9,2026-07-19T23:53:29.674205,Completed
662,414,P0480,6,5,2026-08-04T07:31:30.674239,Completed
663,415,P0226,8,4,2026-07-14T23:48:33.674258,Completed
664,416,P0712,5,5,2026-07-14T21:09:07.674276,Completed
665,416,P0712,3,5,2026-07-16T01:58:34.674276,Completed
666,417,P0811,7,7,2026-07-21T13:37:58.674345,Completed
667,418,P0836,6,6,2026-07-16T05:15:08.674363,Completed
668,419,P0251,7,8,2026-07-17T00:39:11.674381,Completed
669,420,P0721,2,1,2026-08-10T11:35:08.674399,Completed
670,420,P0721,3,1,2026-08-10T09:23:01.674399,Completed
671,421,P0438,6,5,2026-07-28T12:34:00.674420,Completed
672,422,P0792,9,8,2026-08-02T03:18:09.674438,Completed
673,422,P0792,9,8,2026-08-02T17:47:57.674438,Completed
674,422,P0792,8,8,2026-08-03T09:33:03.674438,Completed
675,423,P0727,8,1,2026-07-24T06:22:36.674462,Completed
676,423,P0727,9,1,2026-07-24T19:57:57.674462,Completed
677,424,P0933,4,9,2026-08-16T11:04:01.674482,Completed
678,425,P0691,2,4,2026-07-22T08:53:27.674551,Completed
679,425,P0691,3,4,2026-07-22T05:16:28.674551,Completed
680,426,P0512,7,6,2026-08-01T20:36:40.674583,Completed
681,426,P0512,2,6,2026-08-01T13:05:34.674583,Completed
682,426,P0512,6,6,2026-08-02T07:41:45.674583,Completed
683,427,P0643,6,4,2026-07-19T09:26:16.674611,Completed
684,428,P0374,9,1,2026-08-14T16:38:42.674629,Completed
685,429,P0843,2,4,2026-08-13T09:23:22.674651,Completed
686,429,P0843,10,4,2026-08-13T22:00:41.674651,Completed
687,430,P0891,7,1,2026-07-13T17:39:05.674673,Completed
688,431,P0822,10,10,2026-07-18T15:18:01.674694,Completed
689,431,P0822,6,10,2026-07-19T20:07:13.674694,Completed
690,431,P0822,2,10,2026-07-20T15:50:51.674694,Completed
691,432,P0947,3,8,2026-08-03T23:24:24.674718,Completed
692,433,P0515,7,6,2026-07-18T21:43:21.674736,Completed
693,433,P0515,1,6,2026-07-19T19:51:42.674736,Completed
694,437,P0198,3,9,2026-07-17T20:53:14.674804,Completed
695,437,P0198,3,9,2026-07-17T17:34:40.674804,Completed
696,437,P0198,7,9,2026-07-18T17:55:57.674804,Completed
697,438,P0563,8,3,2026-08-15T23:16:51.674825,Completed
698,439,P0698,6,5,2026-07-24T21:59:18.674841,Completed
699,439,P0698,4,5,2026-07-25T10:10:44.674841,Completed
700,439,P0698,5,5,2026-07-25T23:12:00.674841,Completed
701,440,P0802,10,4,2026-08-19T10:19:09.674862,Completed
702,441,P0305,9,8,2026-08-05T00:52:33.674878,Completed
703,443,P0340,10,5,2026-07-26T10:37:40.674910,Completed
704,444,P0152,3,9,2026-07-31T00:30:19.674926,Completed
705,445,P0754,5,4,2026-08-08T09:48:21.674945,Completed
706,446,P0815,1,3,2026-08-18T17:18:41.674961,Completed
707,446,P0815,10,3,2026-08-20T00:14:54.674961,Completed
708,447,P0398,8,7,2026-08-04T19:43:06.674986,Completed
709,447,P0398,8,7,2026-08-05T20:00:08.674986,Completed
710,448,P0635,7,7,2026-07-15T15:42:02.675008,Completed
711,449,P0455,4,3,2026-07-23T16:07:34.675026,Completed
712,450,P0957,3,9,2026-08-10T22:49:12.675045,Completed
713,451,P0987,10,1,2026-08-11T21:21:22.675134,Completed
714,452,P0518,9,7,2026-08-14T16:14:51.675162,Completed
715,452,P0518,6,7,2026-08-14T20:53:05.675162,Completed
716,453,P0190,6,6,2026-07-27T15:15:15.675188,Completed
717,453,P0190,3,6,2026-07-28T14:46:41.675188,Completed
718,454,P0701,9,6,2026-07-17T15:16:24.675207,Completed
719,456,P0282,4,5,2026-08-06T19:03:01.675239,Completed
720,458,P0352,2,7,2026-08-10T04:25:03.675271,Completed
721,458,P0352,3,7,2026-08-10T10:28:09.675271,Completed
722,459,P0620,1,1,2026-08-13T17:36:35.675293,Completed
723,460,P0238,9,7,2026-08-18T01:32:35.675310,Completed
724,461,P0453,4,5,2026-07-16T08:55:48.675329,Completed
725,462,P0803,5,8,2026-07-15T20:52:21.675345,Completed
726,463,P0682,4,9,2026-07-23T16:00:57.675360,Completed
727,463,P0682,10,9,2026-07-23T14:50:48.675360,Completed
728,464,P0223,10,6,2026-08-08T13:10:52.675441,Completed
729,465,P0605,2,7,2026-08-14T06:04:07.675458,Completed
730,465,P0605,1,7,2026-08-14T14:51:33.675458,Completed
731,466,P0757,6,7,2026-08-11T21:31:36.675477,Completed
732,466,P0757,10,7,2026-08-12T20:14:34.675477,Completed
733,467,P0960,3,8,2026-08-06T09:19:28.675498,Completed
734,467,P0960,10,8,2026-08-07T09:50:57.675498,Completed
735,467,P0960,10,8,2026-08-08T03:09:27.675498,Completed
736,469,P0351,1,8,2026-07-13T11:23:08.675533,Completed
737,469,P0351,4,8,2026-07-13T00:16:57.675533,Completed
738,470,P0317,2,8,2026-07-31T17:42:23.675552,Completed
739,470,P0317,1,8,2026-08-01T10:19:47.675552,Completed
740,471,P0712,9,8,2026-08-12T12:25:43.675572,Completed
741,471,P0712,9,8,2026-08-12T20:12:00.675572,Completed
742,472,P0901,2,3,2026-07-16T16:29:23.675590,Completed
743,472,P0901,9,3,2026-07-16T19:39:42.675590,Completed
744,474,P0329,10,4,2026-08-20T21:01:42.675621,Completed
745,474,P0329,9,4,2026-08-21T09:03:54.675621,Completed
746,475,P0258,5,2,2026-08-18T01:28:53.675640,Completed
747,475,P0258,8,2,2026-08-18T12:10:47.675640,Completed
748,476,P0837,6,8,2026-08-20T14:45:38.675660,Completed
749,476,P0837,6,8,2026-08-21T06:58:06.675660,Completed
750,477,P0879,6,8,2026-08-18T22:45:32.675679,Completed
751,477,P0879,1,8,2026-08-19T00:06:12.675679,Completed
752,477,P0879,4,8,2026-08-20T18:15:25.675679,Completed
753,478,P0349,9,1,2026-08-14T06:39:50.675700,Completed
754,479,P0478,9,6,2026-08-13T05:59:16.675716,Completed
755,480,P0293,6,9,2026-07-23T18:58:02.675730,Completed
756,480,P0293,7,9,2026-07-24T15:19:31.675730,Completed
757,481,P0956,4,8,2026-07-17T12:04:45.675750,Completed
758,481,P0956,3,8,2026-07-17T15:12:00.675750,Completed
759,482,P0932,5,7,2026-07-14T09:22:34.675769,Completed
760,482,P0932,2,7,2026-07-14T03:13:27.675769,Completed
761,483,P0541,3,10,2026-07-17T01:11:39.675786,Completed
762,483,P0541,9,10,2026-07-17T23:14:18.675786,Completed
763,484,P0804,4,5,2026-07-19T10:23:01.675807,Completed
764,484,P0804,8,5,2026-07-19T18:10:52.675807,Completed
765,487,P0314,9,10,2026-07-15T20:21:21.675856,Completed
766,488,P0162,4,9,2026-07-18T19:00:54.675872,Completed
767,489,P0403,7,9,2026-07-19T01:26:48.675888,Completed
768,489,P0403,5,9,2026-07-19T02:50:57.675888,Completed
769,490,P0498,10,9,2026-08-19T02:38:28.675907,Completed
770,490,P0498,7,9,2026-08-19T21:41:54.675907,Completed
771,491,P0680,1,3,2026-08-13T12:57:16.675926,Completed
772,491,P0680,10,3,2026-08-13T22:27:39.675926,Completed
773,491,P0680,7,3,2026-08-14T15:18:04.675926,Completed
774,492,P0817,2,5,2026-08-19T17:07:17.675947,Completed
775,494,P0536,2,5,2026-08-05T22:53:13.675976,Completed
776,495,P0890,9,10,2026-08-15T21:34:37.675992,Completed
777,495,P0890,9,10,2026-08-16T10:24:47.675992,Completed
778,495,P0890,5,10,2026-08-16T19:28:15.675992,Completed
779,496,P0171,2,8,2026-07-27T14:47:06.676012,Completed
780,497,P0497,6,3,2026-07-12T13:27:59.676029,Completed
781,498,P0372,4,2,2026-08-19T05:31:57.676046,Completed
782,498,P0372,5,2,2026-08-19T23:28:18.676046,Completed
783,498,P0372,3,2,2026-08-20T16:38:39.676046,Completed
784,499,P0339,7,1,2026-07-30T15:17:15.676068,Completed
785,500,P0765,1,1,2026-07-18T03:48:22.676085,Completed
786,501,P0584,3,4,2026-08-10T07:44:01.676100,Completed
787,502,P0169,7,9,2026-08-03T07:30:31.676117,Completed
788,502,P0169,9,9,2026-08-03T18:19:18.676117,Completed
789,503,P0186,6,10,2026-08-03T01:32:50.676138,Completed
790,503,P0186,7,10,2026-08-03T06:28:18.676138,Completed
791,504,P0982,3,10,2026-07-19T02:15:08.676158,Completed
792,504,P0982,8,10,2026-07-19T00:33:28.676158,Completed
793,505,P0865,1,1,2026-08-19T17:06:53.676178,Completed
794,506,P0524,7,7,2026-07-25T04:09:23.676197,Completed
795,506,P0524,2,7,2026-07-25T21:08:50.676197,Completed
796,507,P0293,3,8,2026-08-19T14:21:38.676217,Completed
797,508,P0722,10,5,2026-07-20T04:51:07.676239,Completed
798,508,P0722,2,5,2026-07-19T22:31:26.676239,Completed
799,509,P0162,9,4,2026-08-09T17:42:45.676266,Completed
800,509,P0162,8,4,2026-08-10T01:22:49.676266,Completed
801,510,P0353,4,1,2026-08-13T10:56:49.676289,Completed
802,511,P0662,1,6,2026-07-28T12:38:46.676306,Completed
803,511,P0662,7,6,2026-07-29T20:02:01.676306,Completed
804,512,P0852,8,5,2026-08-21T14:31:23.676324,Completed
805,513,P0340,9,3,2026-07-16T20:21:02.676342,Completed
806,514,P0481,6,1,2026-08-17T15:11:06.676357,Completed
807,515,P0740,9,9,2026-08-16T13:35:00.676374,Completed
808,515,P0740,6,9,2026-08-16T21:06:07.676374,Completed
809,515,P0740,1,9,2026-08-17T15:51:57.676374,Completed
810,516,P0463,1,9,2026-07-25T23:18:47.676396,Completed
811,517,P0185,1,3,2026-07-31T15:19:13.676412,Completed
812,517,P0185,2,3,2026-08-01T01:52:27.676412,Completed
813,519,P0688,2,9,2026-08-12T21:47:41.676445,Completed
814,520,P0693,3,6,2026-07-13T23:25:28.676461,Completed
815,520,P0693,6,6,2026-07-15T04:55:23.676461,Completed
816,521,P0757,3,5,2026-07-25T09:59:02.676480,Completed
817,523,P0465,10,5,2026-07-15T08:50:31.676508,Completed
818,523,P0465,4,5,2026-07-16T07:36:30.676508,Completed
819,524,P0702,7,6,2026-07-13T11:11:32.676527,Completed
820,525,P0595,9,9,2026-07-18T02:06:01.676543,Completed
821,526,P0508,9,9,2026-08-06T16:23:36.676561,Completed
822,526,P0508,4,9,2026-08-07T17:35:36.676561,Completed
823,527,P0461,4,1,2026-08-19T23:01:39.676579,Completed
824,527,P0461,7,1,2026-08-19T22:27:43.676579,Completed
825,527,P0461,10,1,2026-08-20T02:28:04.676579,Completed
826,528,P0512,7,3,2026-08-09T22:58:58.676600,Completed
827,528,P0512,3,3,2026-08-10T12:57:33.676600,Completed
828,529,P0189,7,7,2026-07-30T07:25:38.676619,Completed
829,529,P0189,1,7,2026-07-30T04:38:48.676619,Completed
830,530,P0839,7,5,2026-07-31T06:24:25.676639,Completed
831,531,P0805,5,4,2026-08-14T18:10:56.676656,Completed
832,531,P0805,8,4,2026-08-14T14:32:43.676656,Completed
833,532,P0435,5,1,2026-08-12T11:50:27.676676,Completed
834,534,P0750,1,2,2026-08-14T10:16:13.676706,Completed
835,534,P0750,1,2,2026-08-15T07:27:54.676706,Completed
836,535,P0314,3,10,2026-08-07T00:17:47.676725,Completed
837,536,P0277,4,1,2026-07-31T16:47:56.676740,Completed
838,536,P0277,10,1,2026-08-01T14:46:54.676740,Completed
839,537,P0319,4,9,2026-08-08T23:28:40.676758,Completed
840,538,P0677,3,5,2026-08-18T01:24:34.676775,Completed
841,538,P0677,5,5,2026-08-18T13:40:32.676775,Completed
842,539,P0279,1,3,2026-08-02T10:46:28.676794,Completed
843,539,P0279,5,3,2026-08-02T17:07:19.676794,Completed
844,540,P0937,1,10,2026-08-10T00:37:51.676813,Completed
845,540,P0937,3,10,2026-08-10T09:54:15.676813,Completed
846,541,P0297,2,8,2026-08-07T13:13:23.676831,Completed
847,541,P0297,9,8,2026-08-08T09:11:54.676831,Completed
848,541,P0297,7,8,2026-08-07T10:07:13.676831,Completed
849,542,P0580,9,10,2026-07-14T16:52:20.676854,Completed
850,542,P0580,9,10,2026-07-15T11:21:02.676854,Completed
851,542,P0580,7,10,2026-07-14T23:27:46.676854,Completed
852,543,P0685,7,7,2026-08-06T14:26:22.676878,Completed
853,544,P0769,3,4,2026-08-08T15:08:11.676895,Completed
854,545,P0824,7,7,2026-08-07T08:03:09.676912,Completed
855,546,P0531,1,9,2026-08-21T09:04:01.676927,Completed
856,547,P0174,5,9,2026-07-31T13:46:26.676943,Completed
857,548,P0204,9,2,2026-07-12T03:58:03.676960,Completed
858,548,P0204,2,2,2026-07-12T21:57:20.676960,Completed
859,549,P0946,2,3,2026-08-15T09:09:42.676979,Completed
860,549,P0946,3,3,2026-08-16T15:30:27.676979,Completed
861,550,P0177,10,10,2026-08-01T13:01:22.676998,Completed
862,551,P0434,6,3,2026-08-13T02:13:38.677015,Completed
863,551,P0434,1,3,2026-08-13T20:42:46.677015,Completed
864,552,P0568,9,2,2026-08-21T09:09:28.677034,Completed
865,552,P0568,9,2,2026-08-21T18:40:03.677034,Completed
866,553,P0756,5,6,2026-08-20T09:17:13.677053,Completed
867,553,P0756,3,6,2026-08-20T20:42:11.677053,Completed
868,555,P0317,6,2,2026-08-02T05:03:18.677089,Completed
869,556,P0839,8,6,2026-07-17T18:53:00.677106,Completed
870,557,P0568,3,8,2026-08-16T21:20:33.677122,Completed
871,557,P0568,1,8,2026-08-17T01:34:05.677122,Completed
872,558,P0223,6,2,2026-07-14T23:25:48.677140,Completed
873,559,P0463,9,8,2026-08-19T21:05:56.677156,Completed
874,559,P0463,10,8,2026-08-19T14:11:48.677156,Completed
875,559,P0463,1,8,2026-08-21T03:29:01.677156,Completed
876,560,P0771,4,9,2026-07-21T19:52:18.677177,Completed
877,560,P0771,6,9,2026-07-21T16:57:18.677177,Completed
878,560,P0771,5,9,2026-07-23T06:56:16.677177,Completed
879,561,P0893,9,2,2026-07-31T14:47:50.677199,Completed
880,561,P0893,5,2,2026-08-01T12:53:25.677199,Completed
881,562,P0548,8,2,2026-08-11T01:53:28.677221,Completed
882,562,P0548,3,2,2026-08-11T04:27:23.677221,Completed
883,564,P0178,2,9,2026-07-22T20:16:19.677255,Completed
884,564,P0178,8,9,2026-07-22T17:58:08.677255,Completed
885,564,P0178,5,9,2026-07-23T04:34:28.677255,Completed
886,565,P0845,1,2,2026-08-20T22:21:33.677278,Completed
887,565,P0845,8,2,2026-08-21T10:47:06.677278,Completed
888,566,P0542,10,9,2026-08-02T22:38:34.677299,Completed
889,567,P0772,3,5,2026-07-16T11:47:54.677317,Completed
890,568,P0243,6,6,2026-07-19T03:04:21.677335,Completed
891,569,P0249,7,3,2026-08-12T10:28:59.677354,Completed
892,569,P0249,7,3,2026-08-13T08:03:10.677354,Completed
893,570,P0196,1,6,2026-07-27T18:24:09.677374,Completed
894,570,P0196,5,6,2026-07-28T06:54:20.677374,Completed
895,571,P0179,6,9,2026-08-07T18:27:55.677394,Completed
896,571,P0179,9,9,2026-08-08T02:51:09.677394,Completed
897,571,P0179,4,9,2026-08-09T01:00:19.677394,Completed
898,574,P0875,2,4,2026-08-08T08:57:38.677446,Completed
899,574,P0875,5,4,2026-08-08T10:23:57.677446,Completed
900,575,P0419,2,1,2026-07-15T05:49:50.677466,Completed
901,575,P0419,7,1,2026-07-16T01:51:25.677466,Completed
902,576,P0345,6,10,2026-07-28T09:06:19.677485,Completed
903,578,P0826,3,6,2026-08-15T19:40:05.677515,Completed
904,578,P0826,2,6,2026-08-16T11:17:17.677515,Completed
905,579,P0865,9,6,2026-07-25T04:32:10.677535,Completed
906,579,P0865,8,6,2026-07-25T10:45:30.677535,Completed
907,580,P0349,6,10,2026-07-20T06:44:44.677554,Completed
908,580,P0349,3,10,2026-07-20T10:58:46.677554,Completed
909,581,P0627,6,2,2026-07-16T09:21:17.677573,Completed
910,582,P0623,3,9,2026-08-11T06:09:12.677588,Completed
911,582,P0623,8,9,2026-08-11T04:35:57.677588,Completed
912,583,P0333,2,8,2026-08-06T06:59:30.677606,Completed
913,584,P0837,5,8,2026-07-18T02:28:11.677622,Completed
914,584,P0837,1,8,2026-07-18T02:20:40.677622,Completed
915,585,P0768,10,6,2026-08-21T05:57:18.677641,Completed
916,586,P0267,9,2,2026-07-13T10:29:46.677658,Completed
917,588,P0731,10,10,2026-07-22T16:16:04.677688,Completed
918,589,P0367,5,2,2026-07-15T21:01:06.677704,Completed
